timestamp,station_id,connector_id,ocpp_message,status,price_eur_kwh,energy_kwh,power_kw,reason,label
2025-12-01 09:49:18,CP-03,2,RemoteStopTransaction,Charging,2.6266,11.94,16.25,price_spike,1
2025-12-01 09:43:33,CP-03,1,ChangeConfiguration,Preparing,2.5479,4.608,15.5,frequent_irregular_change,1
2025-12-01 10:00:17,CP-05,1,StartTransaction,Faulted,-0.3689,8.365,7.57,negative_price,1
2025-12-01 10:51:59,CP-07,2,Authorize,Preparing,0.1714,9.161,17.45,normal,0
2025-12-01 09:21:42,CP-08,1,MeterValues,Preparing,-0.3446,10.641,9.56,negative_price,1
2025-12-01 10:11:48,CP-07,1,StopTransaction,Faulted,-0.5597,3.108,2.23,negative_price,1
2025-12-01 10:22:21,CP-08,1,StopTransaction,Faulted,0.3348,-1.665,0.86,spoofed_meter_values,1
2025-12-01 09:29:44,CP-04,1,ChangeConfiguration,Available,0.2775,433.796,0.61,spoofed_meter_values,1
2025-12-01 10:23:18,CP-08,1,MeterValues,Preparing,0.0285,3.892,13.66,price_drop,1
2025-12-01 09:54:07,CP-10,2,Heartbeat,Charging,0.3013,8.083,14.33,normal,0
2025-12-01 10:15:41,CP-10,2,StartTransaction,Available,0.201,5.242,3.27,normal,0
2025-12-01 09:09:56,CP-05,2,BootNotification,Available,0.3073,7.514,12.45,normal,0
2025-12-01 09:59:07,CP-09,1,ChangeConfiguration,Preparing,1.735,2.233,12.04,frequent_irregular_change,1
2025-12-01 09:58:57,CP-01,2,MeterValues,SuspendedEV,5.7078,3.787,14.19,price_spike,1
2025-12-01 10:43:19,CP-04,1,BootNotification,Charging,0.2752,4.875,14.61,normal,0
2025-12-01 10:17:07,CP-02,1,ChangeConfiguration,Available,0.0108,9.889,15.71,price_drop,1
2025-12-01 10:58:17,CP-08,2,StopTransaction,Available,0.2923,5.517,9.98,normal,0
2025-12-01 09:57:08,CP-05,1,MeterValues,SuspendedEV,3.8705,1.435,2.86,price_spike,1
2025-12-01 10:44:00,CP-01,2,RemoteStopTransaction,Charging,0.4,372.349,0.17,spoofed_meter_values,1
2025-12-01 10:54:17,CP-01,2,BootNotification,Preparing,0.3154,7.498,10.5,normal,0
2025-12-01 09:11:13,CP-02,2,StatusNotification,Available,0.3087,3.077,10.86,normal,0
2025-12-01 10:34:05,CP-04,2,StopTransaction,Preparing,0.2677,1.763,5.55,normal,0
2025-12-01 10:32:04,CP-02,1,StartTransaction,SuspendedEV,-0.8513,6.017,5.92,negative_price,1
2025-12-01 09:18:32,CP-06,1,StopTransaction,Preparing,0.2784,6.004,18.65,normal,0
2025-12-01 09:36:16,CP-02,1,MeterValues,Charging,0.2501,4.796,17.41,normal,0
2025-12-01 09:15:23,CP-02,1,Heartbeat,Preparing,0.2775,3.15,10.42,normal,0
2025-12-01 10:53:06,CP-06,2,StartTransaction,Preparing,4.7633,2.392,14.34,price_spike,1
2025-12-01 10:51:55,CP-10,1,StatusNotification,Preparing,0.2481,5.115,18.76,normal,0
2025-12-01 09:20:51,CP-06,2,StatusNotification,Charging,0.2813,7.027,4.32,normal,0
2025-12-01 09:59:01,CP-03,1,Authorize,Preparing,0.2262,5.367,18.4,normal,0
2025-12-01 10:21:07,CP-09,1,RemoteStopTransaction,Preparing,0.3134,68.02,161.99,spoofed_meter_values,1
2025-12-01 09:47:59,CP-09,1,RemoteStopTransaction,SuspendedEV,-0.7285,10.489,6.62,negative_price,1
2025-12-01 10:47:47,CP-07,2,MeterValues,Preparing,2.0436,7.65,5.82,price_spike,1
2025-12-01 10:37:47,CP-01,1,StatusNotification,Available,0.3101,4.845,20.14,normal,0
2025-12-01 10:05:25,CP-01,2,BootNotification,Charging,0.2963,10.546,15.81,normal,0
2025-12-01 10:14:04,CP-09,1,StartTransaction,Available,0.1688,3.459,16.62,normal,0
2025-12-01 10:47:15,CP-10,1,StartTransaction,Charging,-0.6282,2.272,11.25,negative_price,1
2025-12-01 10:49:17,CP-06,1,RemoteStartTransaction,Preparing,1.564,6.459,13.94,frequent_irregular_change,1
2025-12-01 10:29:21,CP-02,2,Authorize,Charging,0.2989,5.695,8.37,normal,0
2025-12-01 09:02:57,CP-07,1,Authorize,Charging,0.2312,10.021,8.08,normal,0
2025-12-01 10:04:06,CP-01,1,StopTransaction,Charging,0.2495,6.865,18.21,normal,0
2025-12-01 10:16:40,CP-02,1,StatusNotification,Charging,0.1562,8.259,15.17,normal,0
2025-12-01 10:38:35,CP-01,2,StartTransaction,Preparing,-0.6362,6.903,3.98,negative_price,1
2025-12-01 09:23:01,CP-09,2,MeterValues,Available,5.1721,6.915,17.58,price_spike,1
2025-12-01 09:51:41,CP-04,1,RemoteStopTransaction,Faulted,4.7385,7.537,6.07,price_spike,1
2025-12-01 10:32:32,CP-01,2,StatusNotification,Available,0.1926,1.618,8.17,normal,0
2025-12-01 10:20:13,CP-07,1,Heartbeat,Charging,0.2833,8.079,10.45,normal,0
2025-12-01 10:31:20,CP-10,1,RemoteStartTransaction,Preparing,1.6015,8.194,7.98,price_spike,1
2025-12-01 09:53:41,CP-04,2,StopTransaction,Available,0.2474,9.826,19.16,normal,0
2025-12-01 09:20:10,CP-09,2,StatusNotification,Preparing,0.2002,4.344,2.26,normal,0
2025-12-01 09:03:04,CP-01,1,Heartbeat,Available,0.3178,7.494,6.77,normal,0
2025-12-01 10:27:16,CP-07,1,RemoteStartTransaction,Available,0.014,10.169,4.44,price_drop,1
2025-12-01 09:58:28,CP-03,1,MeterValues,Charging,0.3286,-0.672,0.23,spoofed_meter_values,1
2025-12-01 09:25:06,CP-08,1,Authorize,Preparing,0.2278,11.627,5.44,normal,0
2025-12-01 09:24:13,CP-03,1,Authorize,Charging,0.1993,11.152,19.78,normal,0
2025-12-01 09:40:47,CP-06,2,StopTransaction,Available,0.3007,6.579,8.55,normal,0
2025-12-01 09:50:22,CP-05,1,ChangeConfiguration,SuspendedEV,0.0257,9.454,2.42,price_drop,1
2025-12-01 09:33:36,CP-03,1,Authorize,Available,0.1999,8.515,16.4,normal,0
2025-12-01 10:22:53,CP-08,2,BootNotification,Preparing,0.2424,8.108,5.97,normal,0
2025-12-01 10:37:45,CP-04,2,BootNotification,Preparing,0.2979,5.535,4.73,normal,0
2025-12-01 09:27:18,CP-06,1,MeterValues,SuspendedEV,3.7517,11.538,2.78,price_spike,1
2025-12-01 10:32:00,CP-05,1,BootNotification,Charging,0.3445,4.459,12.62,normal,0
2025-12-01 09:04:42,CP-01,1,StartTransaction,Charging,0.2921,-6.795,0.13,spoofed_meter_values,1
2025-12-01 09:48:43,CP-01,1,ChangeConfiguration,SuspendedEV,3.2251,9.725,18.97,price_spike,1
2025-12-01 10:04:23,CP-06,2,Heartbeat,Available,0.2777,8.824,18.5,normal,0
2025-12-01 10:26:25,CP-08,1,StatusNotification,Charging,0.2424,10.422,7.05,normal,0
2025-12-01 09:57:27,CP-05,2,StartTransaction,Available,0.2443,2.052,20.7,normal,0
2025-12-01 09:55:04,CP-09,2,Heartbeat,Charging,0.1555,4.199,11.43,normal,0
2025-12-01 09:54:07,CP-08,1,Authorize,Available,0.1711,1.014,15.49,normal,0
2025-12-01 09:42:23,CP-08,2,Authorize,Available,0.2255,6.261,20.39,normal,0
2025-12-01 10:17:31,CP-05,2,StatusNotification,Charging,0.309,2.994,16.89,normal,0
2025-12-01 10:11:36,CP-02,2,StartTransaction,Available,0.3148,1.47,7.61,normal,0
2025-12-01 09:01:24,CP-04,1,StartTransaction,Preparing,0.2921,-0.56,0.6,spoofed_meter_values,1
2025-12-01 09:06:27,CP-06,1,StartTransaction,Faulted,2.8784,5.979,9.22,price_spike,1
2025-12-01 09:19:50,CP-07,1,MeterValues,Charging,-0.4566,11.358,6.34,frequent_irregular_change,1
2025-12-01 10:07:38,CP-02,2,StartTransaction,Available,0.1705,6.665,3.11,normal,0
2025-12-01 09:36:52,CP-02,2,Heartbeat,Available,0.2763,1.3,14.22,normal,0
2025-12-01 09:38:40,CP-10,1,Authorize,Preparing,0.2442,9.738,18.63,normal,0
2025-12-01 10:18:47,CP-03,1,BootNotification,Charging,0.3469,5.266,21.09,normal,0
2025-12-01 09:56:04,CP-06,2,RemoteStartTransaction,Charging,2.7378,3.502,11.31,frequent_irregular_change,1
2025-12-01 10:38:46,CP-05,1,BootNotification,Available,0.2006,4.826,7.26,normal,0
2025-12-01 09:07:35,CP-02,1,MeterValues,Preparing,0.1904,6.486,5.29,normal,0
2025-12-01 10:54:13,CP-10,2,RemoteStartTransaction,Faulted,1.8044,7.582,6.01,frequent_irregular_change,1
2025-12-01 10:39:41,CP-08,2,RemoteStartTransaction,SuspendedEV,-0.5359,2.903,7.14,negative_price,1
2025-12-01 10:50:12,CP-10,2,RemoteStopTransaction,Preparing,0.0035,1.244,5.8,price_drop,1
2025-12-01 09:22:45,CP-06,2,RemoteStopTransaction,Preparing,5.5376,0.216,2.68,price_spike,1
2025-12-01 09:29:26,CP-10,2,StatusNotification,Available,0.2037,7.805,5.95,normal,0
2025-12-01 10:19:52,CP-10,2,StopTransaction,Available,0.1582,10.746,20.68,normal,0
2025-12-01 09:18:29,CP-03,1,BootNotification,Charging,0.3402,10.3,16.99,normal,0
2025-12-01 10:03:42,CP-01,2,StopTransaction,Available,0.21,10.958,20.3,normal,0
2025-12-01 09:46:25,CP-03,1,StatusNotification,Preparing,0.2224,4.458,10.78,normal,0
2025-12-01 10:39:58,CP-02,2,RemoteStartTransaction,SuspendedEV,-1.0,4.334,17.47,frequent_irregular_change,1
2025-12-01 10:52:44,CP-09,1,ChangeConfiguration,Available,1.9987,7.267,19.55,frequent_irregular_change,1
2025-12-01 10:23:42,CP-01,2,Heartbeat,Charging,0.26,1.132,18.76,normal,0
2025-12-01 10:51:43,CP-01,2,StopTransaction,Preparing,0.2944,1.802,2.67,normal,0
2025-12-01 09:08:23,CP-07,1,BootNotification,Available,0.237,11.574,6.74,normal,0
2025-12-01 09:32:51,CP-10,2,Authorize,Available,0.3278,6.655,15.18,normal,0
2025-12-01 09:51:40,CP-07,2,MeterValues,Charging,0.3132,0.705,11.35,normal,0
2025-12-01 10:52:51,CP-09,2,MeterValues,Available,4.2328,2.705,17.44,price_spike,1
2025-12-01 09:01:42,CP-04,2,Heartbeat,Available,0.1689,7.942,9.09,normal,0
2025-12-01 09:58:02,CP-01,1,StatusNotification,Preparing,0.2302,9.689,19.35,normal,0
2025-12-01 09:54:44,CP-01,2,StartTransaction,Preparing,0.1914,7.29,8.37,normal,0
2025-12-01 10:21:27,CP-02,2,RemoteStopTransaction,Charging,0.0321,11.969,7.97,price_drop,1
2025-12-01 09:47:29,CP-07,2,MeterValues,Charging,0.3479,126.993,0.8,spoofed_meter_values,1
2025-12-01 09:57:44,CP-08,1,MeterValues,Available,0.3324,5.534,13.89,normal,0
2025-12-01 10:13:12,CP-01,1,StopTransaction,Available,0.2101,4.354,8.7,normal,0
2025-12-01 10:59:16,CP-01,2,RemoteStopTransaction,Charging,1.9217,4.807,3.62,frequent_irregular_change,1
2025-12-01 10:35:35,CP-01,2,StopTransaction,Charging,-0.7511,6.262,8.02,negative_price,1
2025-12-01 10:25:36,CP-02,2,StopTransaction,Charging,0.238,8.924,8.91,normal,0
2025-12-01 09:49:00,CP-05,1,StatusNotification,Preparing,0.3098,4.741,3.96,normal,0
2025-12-01 09:20:44,CP-02,1,RemoteStartTransaction,Preparing,-0.8185,3.996,20.87,negative_price,1
2025-12-01 10:31:59,CP-07,1,StartTransaction,Preparing,0.2606,11.944,13.17,normal,0
2025-12-01 10:06:38,CP-02,2,MeterValues,Available,0.2293,3.94,16.07,normal,0
2025-12-01 09:44:29,CP-09,1,MeterValues,Preparing,0.315,9.574,8.17,normal,0
2025-12-01 09:01:47,CP-09,1,RemoteStopTransaction,Available,-0.1572,0.915,3.36,negative_price,1
2025-12-01 09:01:55,CP-04,1,RemoteStopTransaction,Available,-1.0,2.917,5.25,frequent_irregular_change,1
2025-12-01 09:34:39,CP-01,1,ChangeConfiguration,Faulted,-0.8339,8.674,3.45,negative_price,1
2025-12-01 09:50:20,CP-03,1,StopTransaction,Preparing,0.2431,1.085,19.54,normal,0
2025-12-01 09:22:50,CP-04,2,BootNotification,Available,0.3297,9.136,12.07,normal,0
2025-12-01 09:15:08,CP-09,1,StatusNotification,Charging,0.2246,7.561,9.09,normal,0
2025-12-01 09:59:06,CP-09,2,MeterValues,Available,0.3289,8.008,8.68,normal,0
2025-12-01 10:25:37,CP-06,1,StopTransaction,Charging,0.2005,8.554,11.62,normal,0
2025-12-01 10:12:26,CP-09,2,Heartbeat,Charging,0.1992,7.81,11.55,normal,0
2025-12-01 09:26:25,CP-10,2,Authorize,Charging,0.3351,9.75,17.8,normal,0
2025-12-01 09:55:21,CP-09,1,RemoteStopTransaction,Faulted,-0.1314,9.255,13.78,negative_price,1
2025-12-01 09:21:36,CP-03,1,Heartbeat,Charging,0.1765,5.584,15.23,normal,0
2025-12-01 10:24:32,CP-03,2,RemoteStopTransaction,Preparing,-0.4668,0.789,2.81,negative_price,1
2025-12-01 09:34:02,CP-08,1,RemoteStartTransaction,Preparing,-0.2402,10.229,17.9,negative_price,1
2025-12-01 10:12:31,CP-05,2,StopTransaction,SuspendedEV,-0.261,10.545,11.81,negative_price,1
2025-12-01 10:36:39,CP-07,1,Heartbeat,Available,0.3208,8.434,10.15,normal,0
2025-12-01 09:38:00,CP-04,1,MeterValues,Faulted,2.4974,3.976,8.52,frequent_irregular_change,1
2025-12-01 09:34:12,CP-08,1,ChangeConfiguration,Preparing,3.0854,5.376,7.05,price_spike,1
2025-12-01 09:00:30,CP-02,2,MeterValues,Charging,0.3271,4.403,5.85,normal,0
2025-12-01 10:27:23,CP-04,1,StatusNotification,Preparing,0.2092,11.41,9.27,normal,0
2025-12-01 09:24:56,CP-02,2,StartTransaction,Available,0.3299,7.744,5.54,normal,0
2025-12-01 09:16:09,CP-09,2,Heartbeat,Charging,0.2754,4.908,2.68,normal,0
2025-12-01 09:24:43,CP-05,2,ChangeConfiguration,Charging,0.2775,-2.308,0.43,spoofed_meter_values,1
2025-12-01 10:13:04,CP-05,1,Heartbeat,Available,0.1771,1.276,20.28,normal,0
2025-12-01 10:16:26,CP-08,2,Heartbeat,Charging,0.3125,11.202,10.91,normal,0
2025-12-01 09:09:33,CP-07,2,StatusNotification,Charging,0.2869,10.079,21.47,normal,0
2025-12-01 10:04:10,CP-10,1,StatusNotification,Preparing,0.2771,6.82,21.73,normal,0
2025-12-01 10:39:04,CP-06,2,StopTransaction,SuspendedEV,0.0213,8.682,6.78,price_drop,1
2025-12-01 09:16:09,CP-06,1,MeterValues,Available,-0.4365,9.783,4.99,negative_price,1
2025-12-01 10:34:41,CP-05,2,MeterValues,Available,0.3209,1.547,19.14,normal,0
2025-12-01 10:52:15,CP-08,2,MeterValues,Charging,0.4,-2.276,343.06,spoofed_meter_values,1
2025-12-01 09:45:39,CP-09,1,StopTransaction,Preparing,0.3363,2.49,11.27,normal,0
2025-12-01 10:27:01,CP-10,1,RemoteStopTransaction,Charging,4.2809,3.134,21.94,price_spike,1
2025-12-01 10:06:48,CP-02,2,MeterValues,Available,0.1502,9.789,16.72,normal,0
2025-12-01 10:14:51,CP-01,1,BootNotification,Charging,0.2653,8.493,6.58,normal,0
2025-12-01 09:51:43,CP-05,1,Heartbeat,Preparing,0.2684,3.856,20.2,normal,0
2025-12-01 09:16:40,CP-07,1,StatusNotification,Preparing,0.2675,2.071,6.12,normal,0
2025-12-01 09:24:52,CP-10,2,Authorize,Preparing,0.2225,1.942,19.08,normal,0
2025-12-01 09:06:46,CP-01,2,StatusNotification,Charging,0.2731,3.054,19.31,normal,0
2025-12-01 09:15:57,CP-10,1,Heartbeat,Preparing,0.33,8.826,11.16,normal,0
2025-12-01 09:05:17,CP-09,1,RemoteStartTransaction,Charging,6.1753,4.266,13.13,price_spike,1
2025-12-01 10:11:31,CP-06,1,ChangeConfiguration,Available,0.0179,8.158,10.35,price_drop,1
2025-12-01 09:19:13,CP-09,2,MeterValues,Available,0.1724,5.538,2.15,normal,0
2025-12-01 09:14:05,CP-06,1,RemoteStopTransaction,SuspendedEV,-0.2474,7.967,12.4,negative_price,1
2025-12-01 09:27:56,CP-02,2,MeterValues,Preparing,0.2888,7.785,6.08,normal,0
2025-12-01 10:52:42,CP-04,1,MeterValues,SuspendedEV,0.8366,9.208,5.58,frequent_irregular_change,1
2025-12-01 09:25:11,CP-06,1,MeterValues,Charging,0.2155,4.482,3.68,normal,0
2025-12-01 09:21:11,CP-06,1,StopTransaction,SuspendedEV,0.2606,122.371,414.45,spoofed_meter_values,1
2025-12-01 09:29:58,CP-10,1,StartTransaction,SuspendedEV,-0.8873,2.565,18.47,negative_price,1
2025-12-01 09:08:32,CP-10,2,MeterValues,Charging,2.5225,3.573,3.64,price_spike,1
2025-12-01 09:17:15,CP-02,1,RemoteStopTransaction,Available,4.2726,8.849,9.14,price_spike,1
2025-12-01 09:19:07,CP-02,1,MeterValues,Charging,0.3019,10.457,3.6,normal,0
2025-12-01 09:19:28,CP-08,2,ChangeConfiguration,Faulted,0.2606,188.402,0.45,spoofed_meter_values,1
2025-12-01 09:05:32,CP-08,2,StopTransaction,Preparing,0.2132,5.333,11.38,normal,0
2025-12-01 09:41:28,CP-10,1,StatusNotification,Preparing,0.2427,11.712,13.41,normal,0
2025-12-01 10:13:35,CP-01,2,StopTransaction,SuspendedEV,1.7239,9.492,20.8,frequent_irregular_change,1
2025-12-01 09:16:32,CP-04,2,StartTransaction,Preparing,0.2451,8.297,5.21,normal,0
2025-12-01 10:37:55,CP-01,1,StopTransaction,Faulted,0.3844,-4.841,337.79,spoofed_meter_values,1
2025-12-01 09:47:28,CP-07,1,Authorize,Charging,0.3129,4.058,17.66,normal,0
2025-12-01 09:04:15,CP-09,2,Heartbeat,Charging,0.3494,5.287,18.28,normal,0
2025-12-01 09:11:40,CP-05,1,StatusNotification,Available,0.2086,2.851,2.14,normal,0
2025-12-01 10:56:42,CP-04,1,Heartbeat,Available,0.1994,3.901,11.31,normal,0
2025-12-01 10:46:01,CP-09,2,BootNotification,Available,0.1962,4.54,17.32,normal,0
2025-12-01 10:41:37,CP-01,1,RemoteStartTransaction,Available,0.4,-9.152,0.42,spoofed_meter_values,1
2025-12-01 09:57:00,CP-08,2,StopTransaction,Available,0.1725,8.33,7.57,normal,0
2025-12-01 09:04:42,CP-03,2,Heartbeat,Preparing,0.165,9.4,7.3,normal,0
2025-12-01 10:37:18,CP-01,1,StopTransaction,Available,0.3207,10.03,14.86,normal,0
2025-12-01 10:32:09,CP-08,2,StopTransaction,Preparing,3.9487,8.23,4.16,price_spike,1
2025-12-01 10:00:16,CP-02,1,ChangeConfiguration,Faulted,0.3286,-5.985,443.5,spoofed_meter_values,1
2025-12-01 09:00:46,CP-08,2,ChangeConfiguration,SuspendedEV,0.2921,-7.826,116.05,spoofed_meter_values,1
2025-12-01 10:52:12,CP-01,1,StopTransaction,Preparing,4.5345,7.863,4.4,price_spike,1
2025-12-01 10:21:16,CP-08,2,ChangeConfiguration,Charging,2.1973,7.921,5.59,frequent_irregular_change,1
2025-12-01 10:09:45,CP-06,1,ChangeConfiguration,Charging,4.9073,3.6,16.34,price_spike,1
2025-12-01 09:03:09,CP-09,2,Heartbeat,Charging,0.2776,9.058,4.05,normal,0
2025-12-01 10:09:19,CP-02,2,StatusNotification,Preparing,0.2727,1.855,15.52,normal,0
2025-12-01 10:38:25,CP-06,1,StartTransaction,Faulted,3.592,3.876,4.08,price_spike,1
2025-12-01 10:58:45,CP-01,2,RemoteStartTransaction,Faulted,-0.6988,9.827,5.16,negative_price,1
2025-12-01 10:41:59,CP-03,1,StartTransaction,Charging,0.2807,9.812,18.45,normal,0
2025-12-01 09:34:29,CP-07,2,StopTransaction,Charging,0.2624,5.234,15.69,normal,0
2025-12-01 10:06:52,CP-05,1,RemoteStopTransaction,SuspendedEV,-0.6699,5.119,6.56,negative_price,1
2025-12-01 09:53:04,CP-03,2,RemoteStopTransaction,Faulted,0.3266,258.902,217.95,spoofed_meter_values,1
2025-12-01 10:37:48,CP-08,1,RemoteStopTransaction,SuspendedEV,1.9554,7.445,6.93,frequent_irregular_change,1
2025-12-01 10:00:58,CP-02,2,MeterValues,Faulted,3.0109,6.514,7.68,price_spike,1
2025-12-01 09:33:26,CP-08,1,RemoteStartTransaction,Preparing,-0.5356,8.667,3.99,negative_price,1
2025-12-01 10:41:51,CP-05,2,ChangeConfiguration,Charging,1.4433,7.835,17.29,frequent_irregular_change,1
2025-12-01 10:14:00,CP-01,2,ChangeConfiguration,Preparing,1.6134,3.02,13.99,price_spike,1
2025-12-01 09:45:34,CP-10,2,StartTransaction,Charging,0.2833,0.145,19.67,normal,0
2025-12-01 09:35:19,CP-04,1,Heartbeat,Charging,0.2465,4.924,20.33,normal,0
2025-12-01 09:26:19,CP-01,1,Authorize,Charging,0.2518,4.197,12.89,normal,0
2025-12-01 09:20:55,CP-06,2,Heartbeat,Preparing,0.1938,7.067,12.34,normal,0
2025-12-01 09:08:02,CP-09,2,ChangeConfiguration,Available,-0.3462,1.246,4.98,frequent_irregular_change,1
2025-12-01 10:37:51,CP-07,2,MeterValues,Charging,6.1306,6.442,19.19,price_spike,1
2025-12-01 09:11:39,CP-04,2,StopTransaction,Preparing,0.0094,8.056,12.36,price_drop,1
2025-12-01 09:06:35,CP-03,1,RemoteStopTransaction,Preparing,-0.3866,2.908,14.9,frequent_irregular_change,1
2025-12-01 09:51:35,CP-02,1,MeterValues,Charging,0.199,3.103,10.46,normal,0
2025-12-01 10:43:42,CP-06,1,Authorize,Available,0.1574,9.443,3.41,normal,0
2025-12-01 09:20:10,CP-04,1,StatusNotification,Available,0.2959,9.431,9.27,normal,0
2025-12-01 09:11:17,CP-06,1,StatusNotification,Available,0.2409,6.766,14.4,normal,0
2025-12-01 09:43:01,CP-03,1,StopTransaction,Available,0.2181,6.302,14.2,normal,0
2025-12-01 09:21:27,CP-05,2,StatusNotification,Available,0.1577,2.831,20.09,normal,0
2025-12-01 10:49:07,CP-08,2,RemoteStartTransaction,Available,2.2574,7.103,5.64,price_spike,1
2025-12-01 10:38:49,CP-05,1,MeterValues,Faulted,-1.0,3.794,5.86,frequent_irregular_change,1
2025-12-01 09:32:10,CP-09,1,StopTransaction,Available,0.2756,3.62,18.88,normal,0
2025-12-01 10:01:32,CP-02,2,RemoteStopTransaction,Preparing,-0.9767,2.789,4.28,frequent_irregular_change,1
2025-12-01 09:44:31,CP-08,2,StartTransaction,Available,0.2538,9.631,3.81,normal,0
2025-12-01 10:46:41,CP-09,2,BootNotification,Charging,0.1714,2.702,8.53,normal,0
2025-12-01 09:35:43,CP-01,2,StartTransaction,SuspendedEV,0.2984,-7.522,496.18,spoofed_meter_values,1
2025-12-01 09:40:03,CP-01,1,StopTransaction,Preparing,0.2684,6.113,13.75,normal,0
2025-12-01 09:10:14,CP-02,1,StopTransaction,Charging,0.2359,5.205,11.55,normal,0
2025-12-01 10:41:43,CP-06,2,StatusNotification,Preparing,0.2598,0.651,19.98,normal,0
2025-12-01 10:03:25,CP-05,1,StatusNotification,Preparing,0.3358,0.153,20.87,normal,0
2025-12-01 10:26:19,CP-06,2,Heartbeat,Preparing,0.3453,1.477,20.04,normal,0
2025-12-01 10:22:59,CP-06,2,StopTransaction,Preparing,0.2167,0.92,5.34,normal,0
2025-12-01 10:26:11,CP-09,2,BootNotification,Preparing,0.3224,8.086,20.52,normal,0
2025-12-01 10:14:03,CP-05,2,MeterValues,Charging,0.2473,7.693,18.42,normal,0
2025-12-01 09:06:18,CP-04,1,StopTransaction,Preparing,0.2785,418.779,0.25,spoofed_meter_values,1
2025-12-01 09:33:13,CP-06,1,ChangeConfiguration,SuspendedEV,0.0106,7.796,10.48,price_drop,1
2025-12-01 09:34:20,CP-08,1,MeterValues,Preparing,0.0016,7.576,6.02,price_drop,1
2025-12-01 09:08:24,CP-01,2,StartTransaction,SuspendedEV,6.6283,10.304,13.06,price_spike,1
2025-12-01 09:34:17,CP-02,1,Authorize,Available,0.1991,3.242,2.87,normal,0
2025-12-01 09:28:03,CP-03,2,StopTransaction,Preparing,0.2196,11.201,2.59,normal,0
2025-12-01 09:04:16,CP-09,2,Authorize,Preparing,0.2952,10.066,13.6,normal,0
2025-12-01 10:34:40,CP-06,2,StartTransaction,Preparing,0.2075,10.593,10.57,normal,0
2025-12-01 09:55:34,CP-08,1,MeterValues,SuspendedEV,1.0712,5.82,10.08,frequent_irregular_change,1
2025-12-01 09:30:17,CP-05,1,StopTransaction,Preparing,0.2361,7.205,8.74,normal,0
2025-12-01 10:16:05,CP-03,2,StopTransaction,Preparing,2.4734,7.477,8.29,price_spike,1
2025-12-01 10:02:59,CP-01,2,MeterValues,Faulted,0.3286,307.569,0.68,spoofed_meter_values,1
2025-12-01 09:51:46,CP-08,2,StopTransaction,Charging,0.3266,288.554,0.23,spoofed_meter_values,1
2025-12-01 10:11:12,CP-01,2,BootNotification,Available,0.2906,4.312,2.78,normal,0
2025-12-01 09:20:20,CP-03,2,MeterValues,Preparing,0.1676,3.018,13.45,normal,0
2025-12-01 10:49:49,CP-10,1,ChangeConfiguration,Preparing,0.4,-7.421,0.62,spoofed_meter_values,1
2025-12-01 10:47:37,CP-03,1,StartTransaction,Available,0.3397,2.63,20.37,normal,0
2025-12-01 09:14:47,CP-09,1,Heartbeat,Preparing,0.2247,11.825,17.64,normal,0
2025-12-01 09:13:28,CP-02,1,RemoteStartTransaction,SuspendedEV,-0.2898,7.743,10.32,frequent_irregular_change,1
2025-12-01 09:32:17,CP-10,1,Heartbeat,Preparing,0.2271,9.277,8.87,normal,0
2025-12-01 10:00:48,CP-09,1,RemoteStopTransaction,Charging,4.9174,9.849,17.12,price_spike,1
2025-12-01 10:40:58,CP-06,1,StartTransaction,Available,0.1532,7.636,18.79,normal,0
2025-12-01 10:18:15,CP-06,2,MeterValues,Available,3.3085,6.651,13.32,price_spike,1
2025-12-01 10:45:13,CP-05,2,Authorize,Preparing,0.1998,3.04,10.98,normal,0
2025-12-01 09:09:20,CP-06,1,RemoteStartTransaction,Available,0.2785,-6.07,344.39,spoofed_meter_values,1
2025-12-01 10:01:57,CP-08,2,ChangeConfiguration,Available,3.2858,4.854,11.86,price_spike,1
2025-12-01 09:35:25,CP-07,2,StartTransaction,Preparing,0.1722,10.476,5.39,normal,0
2025-12-01 09:31:41,CP-04,1,RemoteStopTransaction,Charging,-0.5475,7.23,19.88,negative_price,1
2025-12-01 10:26:33,CP-04,2,MeterValues,Available,-1.0,3.634,5.22,frequent_irregular_change,1
2025-12-01 10:06:52,CP-10,1,StatusNotification,Charging,0.2454,6.965,10.04,normal,0
2025-12-01 10:42:07,CP-10,1,MeterValues,Charging,-0.4555,9.721,6.56,negative_price,1
2025-12-01 10:39:48,CP-02,2,RemoteStartTransaction,Charging,6.7316,9.341,11.81,price_spike,1
2025-12-01 09:02:21,CP-07,1,StatusNotification,Preparing,0.2577,8.661,16.84,normal,0
2025-12-01 09:02:54,CP-09,2,StartTransaction,Preparing,0.2725,8.659,12.1,normal,0
2025-12-01 09:22:15,CP-03,1,Heartbeat,Charging,0.1861,7.587,8.56,normal,0
2025-12-01 09:41:16,CP-04,2,StartTransaction,Available,0.0296,6.643,19.34,price_drop,1
2025-12-01 09:49:00,CP-10,1,StartTransaction,Charging,5.7251,4.709,12.86,price_spike,1
2025-12-01 09:31:24,CP-04,1,StatusNotification,Preparing,0.2825,7.24,13.1,normal,0
2025-12-01 09:30:17,CP-04,2,RemoteStopTransaction,SuspendedEV,0.2685,-8.353,270.85,spoofed_meter_values,1
2025-12-01 09:22:58,CP-04,2,Authorize,Available,0.3365,5.563,8.83,normal,0
2025-12-01 09:39:09,CP-01,2,StopTransaction,Available,0.1839,1.347,16.48,normal,0
2025-12-01 09:18:45,CP-08,2,RemoteStopTransaction,Preparing,-0.2796,7.672,19.67,frequent_irregular_change,1
2025-12-01 09:12:22,CP-04,1,RemoteStartTransaction,SuspendedEV,0.0274,6.955,4.25,price_drop,1
2025-12-01 10:28:04,CP-08,2,MeterValues,Available,0.3233,8.376,3.36,normal,0
2025-12-01 09:03:29,CP-05,1,Heartbeat,Charging,0.1549,3.014,11.5,normal,0
2025-12-01 10:27:30,CP-02,2,MeterValues,Charging,0.2292,8.634,7.4,normal,0
2025-12-01 09:10:53,CP-09,1,ChangeConfiguration,Available,0.0079,10.661,19.27,price_drop,1
2025-12-01 10:08:26,CP-04,2,RemoteStartTransaction,Preparing,-1.0,7.153,14.57,frequent_irregular_change,1
2025-12-01 09:28:28,CP-05,2,StatusNotification,Available,0.1741,3.751,14.51,normal,0
2025-12-01 10:50:45,CP-07,2,StartTransaction,Preparing,0.261,9.645,16.28,normal,0
2025-12-01 09:14:40,CP-06,2,StopTransaction,Available,0.1767,2.164,13.86,normal,0
2025-12-01 09:52:43,CP-05,1,StartTransaction,Preparing,0.2017,0.775,8.71,normal,0
2025-12-01 10:55:14,CP-07,1,Authorize,Available,0.304,5.963,14.47,normal,0
2025-12-01 10:54:47,CP-05,1,StatusNotification,Available,0.2305,4.975,5.16,normal,0
2025-12-01 09:59:02,CP-01,1,StartTransaction,SuspendedEV,0.3286,438.639,0.8,spoofed_meter_values,1
2025-12-01 10:09:08,CP-06,2,Authorize,Available,0.1862,7.718,16.59,normal,0
2025-12-01 10:43:03,CP-09,1,StartTransaction,Available,0.3446,8.481,4.82,normal,0
2025-12-01 09:38:45,CP-07,2,Heartbeat,Available,0.1901,9.876,5.41,normal,0
2025-12-01 10:10:07,CP-07,1,ChangeConfiguration,Faulted,3.377,0.573,19.58,price_spike,1
2025-12-01 09:54:44,CP-02,2,StopTransaction,Preparing,0.3065,1.523,9.46,normal,0
2025-12-01 10:33:41,CP-03,1,StartTransaction,Available,0.1505,5.948,16.58,normal,0
2025-12-01 10:33:31,CP-02,1,StartTransaction,Preparing,0.1719,8.479,5.67,normal,0
2025-12-01 10:44:15,CP-04,2,ChangeConfiguration,Faulted,0.4,-7.454,537.66,spoofed_meter_values,1
2025-12-01 10:19:19,CP-02,2,StartTransaction,Preparing,0.2151,9.524,17.36,normal,0
2025-12-01 09:06:58,CP-02,2,StopTransaction,Charging,0.2785,-0.704,0.6,spoofed_meter_values,1
2025-12-01 09:39:03,CP-03,1,StartTransaction,Charging,-0.7505,0.316,9.99,negative_price,1
2025-12-01 09:06:42,CP-09,1,MeterValues,Preparing,0.1808,7.939,16.41,normal,0
2025-12-01 09:08:32,CP-09,1,StartTransaction,Preparing,0.2593,11.878,4.05,normal,0
2025-12-01 10:39:23,CP-10,1,MeterValues,Preparing,0.3229,8.229,20.76,normal,0
2025-12-01 09:56:48,CP-07,2,RemoteStartTransaction,Charging,0.3266,129.331,0.19,spoofed_meter_values,1
2025-12-01 09:51:46,CP-07,2,MeterValues,SuspendedEV,1.1121,11.345,12.27,frequent_irregular_change,1
2025-12-01 09:41:04,CP-07,2,MeterValues,Preparing,0.1966,11.75,10.81,normal,0
2025-12-01 09:51:19,CP-01,1,StatusNotification,Available,0.2365,10.485,14.43,normal,0
2025-12-01 10:12:33,CP-02,1,StartTransaction,Charging,0.3103,2.779,4.12,normal,0
2025-12-01 10:46:33,CP-09,1,StopTransaction,Charging,0.0298,4.461,11.93,price_drop,1
2025-12-01 10:30:05,CP-03,1,StatusNotification,Preparing,0.3375,0.79,9.15,normal,0
2025-12-01 10:26:46,CP-03,2,MeterValues,Charging,0.2695,11.51,4.91,normal,0
2025-12-01 10:09:40,CP-06,2,RemoteStopTransaction,Available,0.33,-9.755,0.71,spoofed_meter_values,1
2025-12-01 10:05:56,CP-04,1,Authorize,Preparing,0.2746,9.843,10.71,normal,0
2025-12-01 10:47:23,CP-07,1,Heartbeat,Available,0.2337,6.952,7.68,normal,0
2025-12-01 10:10:52,CP-05,2,StartTransaction,Charging,0.3438,8.495,11.17,normal,0
2025-12-01 10:22:51,CP-09,2,Heartbeat,Charging,0.2868,5.316,19.87,normal,0
2025-12-01 09:43:25,CP-04,1,RemoteStopTransaction,Preparing,-0.3929,0.888,5.54,frequent_irregular_change,1
2025-12-01 09:53:34,CP-04,2,StatusNotification,Available,0.3033,1.958,2.96,normal,0
2025-12-01 09:24:29,CP-06,1,StatusNotification,Available,0.3282,10.97,17.08,normal,0
2025-12-01 10:37:53,CP-07,2,BootNotification,Charging,0.334,4.836,7.46,normal,0
2025-12-01 09:36:30,CP-03,1,Authorize,Available,0.1619,4.826,21.01,normal,0
2025-12-01 09:52:33,CP-04,1,StopTransaction,Charging,0.1865,1.768,12.5,normal,0
2025-12-01 09:30:48,CP-02,2,MeterValues,Preparing,0.2509,9.371,3.97,normal,0
2025-12-01 09:50:26,CP-01,2,Authorize,Charging,0.1992,2.625,3.69,normal,0
2025-12-01 09:57:31,CP-08,2,Heartbeat,Charging,0.1906,4.37,4.8,normal,0
2025-12-01 10:01:55,CP-01,1,Heartbeat,Charging,0.2599,2.334,21.1,normal,0
2025-12-01 09:24:40,CP-03,2,BootNotification,Charging,0.2337,10.641,8.99,normal,0
2025-12-01 09:54:41,CP-10,2,ChangeConfiguration,Faulted,-0.6973,2.264,18.55,negative_price,1
2025-12-01 09:54:18,CP-10,2,ChangeConfiguration,Faulted,1.7507,6.759,2.97,frequent_irregular_change,1
2025-12-01 10:54:42,CP-10,1,RemoteStopTransaction,Preparing,0.0031,2.19,14.51,price_drop,1
2025-12-01 09:46:57,CP-04,1,StartTransaction,Charging,0.1907,3.107,13.35,normal,0
2025-12-01 10:33:55,CP-05,2,StartTransaction,Charging,0.0216,3.237,2.22,price_drop,1
2025-12-01 10:23:13,CP-10,2,BootNotification,Charging,0.2094,5.715,4.92,normal,0
2025-12-01 10:40:45,CP-07,2,StatusNotification,Charging,0.2599,4.872,21.39,normal,0
2025-12-01 09:30:35,CP-06,2,MeterValues,Charging,0.3128,4.739,2.5,normal,0
2025-12-01 09:25:24,CP-10,1,StopTransaction,Charging,5.2645,3.297,18.58,price_spike,1
2025-12-01 10:38:38,CP-10,1,StatusNotification,Charging,0.2593,7.941,9.62,normal,0
2025-12-01 09:47:52,CP-07,2,BootNotification,Charging,0.1873,11.897,11.66,normal,0
2025-12-01 10:53:12,CP-02,1,StartTransaction,Preparing,0.196,10.435,12.8,normal,0
2025-12-01 10:16:28,CP-03,1,StatusNotification,Available,0.1549,9.632,17.73,normal,0
2025-12-01 10:22:02,CP-10,2,MeterValues,Preparing,0.285,3.091,15.92,normal,0
2025-12-01 09:18:29,CP-09,2,Authorize,Available,0.1755,8.393,6.83,normal,0
2025-12-01 09:12:11,CP-10,2,BootNotification,Preparing,0.1658,4.189,8.27,normal,0
2025-12-01 09:03:48,CP-07,1,StopTransaction,Charging,0.1798,3.261,4.84,normal,0
2025-12-01 09:52:23,CP-06,1,BootNotification,Charging,0.1944,9.457,16.84,normal,0
2025-12-01 10:39:49,CP-05,1,Heartbeat,Charging,0.3154,5.283,12.27,normal,0
2025-12-01 09:14:11,CP-02,2,StartTransaction,Preparing,2.2584,11.122,7.66,frequent_irregular_change,1
2025-12-01 10:41:37,CP-06,1,StartTransaction,Preparing,-0.0249,10.923,4.62,negative_price,1
2025-12-01 10:54:01,CP-03,1,Heartbeat,Available,0.2812,3.008,14.18,normal,0
2025-12-01 10:12:35,CP-03,1,StartTransaction,Preparing,0.2108,1.209,7.01,normal,0
2025-12-01 09:47:26,CP-06,1,RemoteStopTransaction,SuspendedEV,2.4642,7.311,7.53,price_spike,1
2025-12-01 10:24:23,CP-09,1,Heartbeat,Preparing,0.2697,11.321,16.0,normal,0
2025-12-01 10:17:42,CP-05,2,StatusNotification,Charging,0.2159,10.736,19.28,normal,0
2025-12-01 09:47:12,CP-08,2,StatusNotification,Charging,0.34,2.659,7.95,normal,0
2025-12-01 10:03:27,CP-05,2,Authorize,Charging,0.2555,5.394,5.46,normal,0
2025-12-01 10:09:17,CP-06,1,Authorize,Preparing,0.1544,10.584,5.3,normal,0
2025-12-01 09:56:24,CP-06,2,RemoteStartTransaction,SuspendedEV,1.2429,0.715,3.59,frequent_irregular_change,1
2025-12-01 10:03:54,CP-07,1,Authorize,Charging,0.2767,3.31,21.4,normal,0
2025-12-01 10:20:15,CP-03,2,StopTransaction,Preparing,0.2371,4.797,21.04,normal,0
2025-12-01 10:23:18,CP-06,1,Heartbeat,Preparing,0.2759,9.601,14.73,normal,0
2025-12-01 10:03:58,CP-02,1,Heartbeat,Available,0.3159,8.757,6.44,normal,0
2025-12-01 09:36:13,CP-08,2,MeterValues,Available,-0.4532,4.42,8.71,frequent_irregular_change,1
2025-12-01 10:15:51,CP-05,1,Heartbeat,Preparing,0.2816,11.65,6.44,normal,0
2025-12-01 10:17:27,CP-01,2,StatusNotification,Charging,0.1768,0.578,2.78,normal,0
2025-12-01 09:44:51,CP-10,2,Authorize,Charging,0.1779,1.886,8.78,normal,0
2025-12-01 10:40:50,CP-07,1,StopTransaction,Preparing,0.2944,11.066,20.66,normal,0
2025-12-01 10:25:23,CP-07,2,MeterValues,Preparing,0.3353,6.215,6.45,normal,0
2025-12-01 09:56:01,CP-02,1,MeterValues,Faulted,2.6205,10.941,10.15,price_spike,1
2025-12-01 09:47:23,CP-09,2,ChangeConfiguration,Faulted,0.0313,10.21,5.39,price_drop,1
2025-12-01 10:31:54,CP-04,2,MeterValues,Charging,6.5868,0.68,13.1,price_spike,1
2025-12-01 10:55:50,CP-06,1,ChangeConfiguration,Faulted,0.0358,2.046,7.71,price_drop,1
2025-12-01 09:22:05,CP-04,1,StopTransaction,Preparing,0.2858,5.962,4.69,normal,0
2025-12-01 10:33:16,CP-09,1,StopTransaction,Charging,0.3242,7.936,10.53,normal,0
2025-12-01 10:47:06,CP-02,1,Heartbeat,Available,0.2381,11.009,18.9,normal,0
2025-12-01 10:46:43,CP-09,2,Heartbeat,Charging,0.2243,0.915,17.47,normal,0
2025-12-01 10:04:38,CP-01,2,StatusNotification,Charging,0.3044,6.424,10.32,normal,0
2025-12-01 09:38:35,CP-02,1,RemoteStopTransaction,Faulted,1.6994,8.067,11.8,price_spike,1
2025-12-01 09:18:01,CP-09,2,ChangeConfiguration,SuspendedEV,-1.0,6.976,4.58,frequent_irregular_change,1
2025-12-01 09:55:42,CP-02,2,Authorize,Preparing,0.271,3.434,9.81,normal,0
2025-12-01 10:26:10,CP-05,1,StopTransaction,Preparing,0.25,8.65,9.86,normal,0
2025-12-01 10:22:01,CP-07,1,StopTransaction,Preparing,-0.5383,11.058,21.46,negative_price,1
2025-12-01 10:55:08,CP-07,1,RemoteStopTransaction,Available,0.0106,8.362,7.82,price_drop,1
2025-12-01 09:34:21,CP-03,2,StartTransaction,Preparing,0.2481,9.556,5.65,normal,0
2025-12-01 09:16:32,CP-08,1,Authorize,Preparing,0.3244,11.188,17.33,normal,0
2025-12-01 10:10:02,CP-10,2,MeterValues,Preparing,0.9617,10.986,16.03,frequent_irregular_change,1
2025-12-01 10:21:46,CP-06,2,StartTransaction,Charging,0.1874,10.333,18.91,normal,0
2025-12-01 09:32:28,CP-08,2,MeterValues,Charging,0.2849,11.658,11.91,normal,0
2025-12-01 10:06:11,CP-08,2,StatusNotification,Charging,0.2673,4.139,14.91,normal,0
2025-12-01 09:59:35,CP-10,1,StartTransaction,Faulted,-0.0818,4.205,3.56,negative_price,1
2025-12-01 10:31:34,CP-08,1,Heartbeat,Preparing,0.1929,11.217,21.05,normal,0
2025-12-01 10:08:38,CP-08,1,ChangeConfiguration,Preparing,-0.7521,3.699,7.33,negative_price,1
2025-12-01 09:34:14,CP-10,1,MeterValues,Charging,0.2333,5.502,5.32,normal,0
2025-12-01 10:09:06,CP-09,2,RemoteStopTransaction,Available,0.0348,1.758,5.5,price_drop,1
2025-12-01 10:55:57,CP-04,1,RemoteStartTransaction,Preparing,2.9534,8.993,4.84,price_spike,1
2025-12-01 09:57:07,CP-01,1,MeterValues,Available,0.3262,11.071,16.12,normal,0
2025-12-01 09:51:18,CP-09,2,StartTransaction,Preparing,2.4751,3.975,19.85,frequent_irregular_change,1
2025-12-01 09:12:55,CP-09,2,BootNotification,Charging,0.1574,0.767,17.76,normal,0
2025-12-01 10:26:46,CP-06,2,RemoteStartTransaction,Preparing,0.9327,4.184,21.78,frequent_irregular_change,1
2025-12-01 09:43:59,CP-08,1,RemoteStartTransaction,Charging,-1.0,4.348,16.37,frequent_irregular_change,1
2025-12-01 09:41:58,CP-10,2,StopTransaction,Faulted,0.0096,10.493,10.82,price_drop,1
2025-12-01 09:36:09,CP-06,2,Heartbeat,Charging,0.2504,6.415,10.94,normal,0
2025-12-01 10:12:07,CP-09,2,MeterValues,Preparing,5.3419,9.568,20.99,price_spike,1
2025-12-01 09:28:36,CP-02,1,StatusNotification,Available,0.2785,4.406,20.69,normal,0
2025-12-01 09:54:37,CP-10,1,MeterValues,Preparing,0.205,11.02,5.72,normal,0
2025-12-01 10:08:33,CP-04,2,MeterValues,Available,0.3417,6.966,9.51,normal,0
2025-12-01 09:46:25,CP-05,2,StopTransaction,Preparing,-1.0,6.91,8.6,frequent_irregular_change,1
2025-12-01 10:33:10,CP-09,2,Heartbeat,Available,0.3226,1.789,8.16,normal,0
2025-12-01 10:35:29,CP-10,1,BootNotification,Preparing,0.3153,5.134,2.76,normal,0
2025-12-01 10:22:06,CP-04,1,MeterValues,Preparing,0.3351,4.731,19.57,normal,0
2025-12-01 09:09:40,CP-05,1,BootNotification,Charging,0.2523,7.451,7.65,normal,0
2025-12-01 09:20:06,CP-08,1,StatusNotification,Preparing,0.3138,0.461,2.78,normal,0
2025-12-01 09:11:28,CP-08,2,RemoteStartTransaction,Preparing,0.2785,-8.587,0.62,spoofed_meter_values,1
2025-12-01 10:47:47,CP-07,1,Heartbeat,Preparing,0.1641,1.187,17.63,normal,0
2025-12-01 10:39:45,CP-08,1,StartTransaction,Available,0.2939,10.756,5.44,normal,0
2025-12-01 09:56:24,CP-07,1,MeterValues,Preparing,2.2336,5.437,20.39,frequent_irregular_change,1
2025-12-01 09:15:27,CP-08,2,ChangeConfiguration,SuspendedEV,0.0036,7.535,14.47,price_drop,1
2025-12-01 09:16:12,CP-09,2,StartTransaction,Charging,0.2302,3.331,5.68,normal,0
2025-12-01 09:36:18,CP-06,2,BootNotification,Charging,0.2142,10.213,20.94,normal,0
2025-12-01 09:47:11,CP-07,1,ChangeConfiguration,SuspendedEV,0.3479,263.674,379.66,spoofed_meter_values,1
2025-12-01 09:09:15,CP-04,2,StopTransaction,Available,0.2218,7.14,16.07,normal,0
2025-12-01 10:28:07,CP-02,2,MeterValues,SuspendedEV,1.472,8.208,20.55,frequent_irregular_change,1
2025-12-01 10:01:59,CP-06,2,StartTransaction,Preparing,0.0189,3.368,8.67,price_drop,1
2025-12-01 10:45:17,CP-06,2,Heartbeat,Available,0.238,0.543,5.34,normal,0
2025-12-01 10:16:45,CP-01,1,StatusNotification,Charging,0.2681,2.606,6.47,normal,0
2025-12-01 10:13:44,CP-10,2,MeterValues,Preparing,0.288,5.969,19.89,normal,0
2025-12-01 09:38:34,CP-09,2,ChangeConfiguration,Preparing,0.2984,120.965,272.88,spoofed_meter_values,1
2025-12-01 10:17:52,CP-07,1,MeterValues,SuspendedEV,1.7838,4.546,11.05,price_spike,1
2025-12-01 10:04:29,CP-05,2,ChangeConfiguration,Preparing,1.5519,5.537,3.84,frequent_irregular_change,1
2025-12-01 10:49:44,CP-05,2,Authorize,Available,0.1712,3.771,21.36,normal,0
2025-12-01 10:40:08,CP-09,2,StopTransaction,Available,0.3104,2.966,16.71,normal,0
2025-12-01 09:26:54,CP-02,2,RemoteStopTransaction,Charging,1.282,10.617,4.58,frequent_irregular_change,1
2025-12-01 10:34:05,CP-01,2,BootNotification,Available,0.3349,9.49,18.94,normal,0
2025-12-01 10:12:59,CP-10,1,StopTransaction,Charging,3.2967,6.625,15.91,price_spike,1
2025-12-01 10:45:15,CP-04,1,Heartbeat,Charging,0.2631,1.786,8.92,normal,0
2025-12-01 10:39:02,CP-01,2,ChangeConfiguration,Preparing,2.1678,5.301,15.19,frequent_irregular_change,1
2025-12-01 09:28:16,CP-02,2,Heartbeat,Available,0.2338,0.466,2.65,normal,0
2025-12-01 10:20:45,CP-08,2,RemoteStartTransaction,Available,0.3134,-0.136,1.0,spoofed_meter_values,1
2025-12-01 10:30:28,CP-03,1,StartTransaction,Preparing,0.0215,7.513,11.72,price_drop,1
2025-12-01 09:40:35,CP-02,1,StopTransaction,Preparing,0.2553,6.844,17.3,normal,0
2025-12-01 10:06:24,CP-07,1,StopTransaction,Faulted,-0.5531,3.04,20.63,frequent_irregular_change,1
2025-12-01 09:44:07,CP-05,1,StartTransaction,Available,0.2364,10.862,3.71,normal,0
2025-12-01 10:28:46,CP-10,1,BootNotification,Available,0.2939,9.984,20.35,normal,0
2025-12-01 10:20:08,CP-06,2,MeterValues,Preparing,0.208,8.811,6.62,normal,0
2025-12-01 09:29:39,CP-03,2,Authorize,Preparing,0.1929,4.692,4.23,normal,0
2025-12-01 09:52:50,CP-04,1,MeterValues,Charging,-0.3891,3.117,2.66,negative_price,1
2025-12-01 10:47:20,CP-06,2,Authorize,Available,0.1968,11.093,12.31,normal,0
2025-12-01 09:58:20,CP-04,1,StartTransaction,Charging,0.1629,3.951,11.32,normal,0
2025-12-01 10:52:16,CP-07,2,BootNotification,Charging,0.3263,6.425,9.87,normal,0
2025-12-01 09:18:04,CP-10,1,ChangeConfiguration,Preparing,-0.8176,6.13,10.81,negative_price,1
2025-12-01 09:51:01,CP-07,1,StatusNotification,Available,0.3121,2.145,14.78,normal,0
2025-12-01 09:02:06,CP-07,2,StopTransaction,Faulted,5.0404,3.217,16.82,price_spike,1
2025-12-01 10:28:34,CP-06,1,StopTransaction,Charging,0.348,3.935,21.43,normal,0
2025-12-01 09:49:38,CP-03,1,Heartbeat,Available,0.2495,5.539,21.37,normal,0
2025-12-01 09:39:00,CP-02,1,StatusNotification,Available,0.319,6.391,14.64,normal,0
2025-12-01 09:12:46,CP-06,1,StartTransaction,Faulted,0.0102,0.907,8.01,price_drop,1
2025-12-01 09:14:23,CP-06,1,MeterValues,Available,0.19,5.401,9.76,normal,0
2025-12-01 10:35:37,CP-04,2,BootNotification,Preparing,0.2079,9.275,2.6,normal,0
2025-12-01 09:14:54,CP-04,1,StopTransaction,Available,1.681,7.883,2.24,price_spike,1
2025-12-01 09:31:51,CP-05,2,Authorize,Preparing,0.302,3.055,20.44,normal,0
2025-12-01 09:13:57,CP-08,1,StartTransaction,Charging,0.0383,1.016,5.3,price_drop,1
2025-12-01 09:43:57,CP-03,2,Heartbeat,Preparing,0.2201,1.567,14.34,normal,0
2025-12-01 10:16:25,CP-09,1,MeterValues,Available,4.2735,5.791,19.0,price_spike,1
2025-12-01 09:47:15,CP-09,1,Authorize,Preparing,0.2153,2.158,15.02,normal,0
2025-12-01 10:31:31,CP-06,1,StatusNotification,Preparing,0.2381,8.227,20.79,normal,0
2025-12-01 09:23:46,CP-07,1,MeterValues,Available,0.1892,7.031,10.87,normal,0
2025-12-01 09:22:36,CP-01,1,BootNotification,Charging,0.2345,4.406,5.24,normal,0
2025-12-01 09:42:54,CP-10,2,RemoteStopTransaction,SuspendedEV,0.0036,6.883,2.78,price_drop,1
2025-12-01 09:01:06,CP-03,2,MeterValues,Faulted,-0.8487,2.004,15.61,negative_price,1
2025-12-01 09:01:07,CP-02,2,Authorize,Preparing,0.1723,5.274,11.07,normal,0
2025-12-01 09:21:01,CP-05,1,Authorize,Charging,0.315,6.549,3.93,normal,0
2025-12-01 09:19:15,CP-09,2,StopTransaction,Faulted,0.2606,-0.854,503.49,spoofed_meter_values,1
2025-12-01 09:23:55,CP-08,1,Heartbeat,Available,0.3287,7.28,5.49,normal,0
2025-12-01 09:06:16,CP-05,1,MeterValues,Charging,0.1795,5.306,20.93,normal,0
2025-12-01 09:58:51,CP-01,2,StopTransaction,Preparing,0.2767,5.348,12.24,normal,0
2025-12-01 10:11:02,CP-07,1,Authorize,Charging,0.1915,1.744,12.25,normal,0
2025-12-01 10:05:35,CP-10,1,StopTransaction,Available,0.2275,7.729,17.55,normal,0
2025-12-01 10:41:26,CP-07,1,StartTransaction,Preparing,1.6716,7.03,15.83,frequent_irregular_change,1
2025-12-01 10:14:44,CP-04,1,RemoteStartTransaction,Available,2.5037,4.306,6.66,price_spike,1
2025-12-01 09:07:43,CP-01,2,StatusNotification,Charging,0.1669,10.824,20.1,normal,0
2025-12-01 09:30:52,CP-09,1,StopTransaction,Available,0.2557,0.936,9.6,normal,0
2025-12-01 10:26:38,CP-06,2,MeterValues,Preparing,0.3218,5.312,9.24,normal,0
2025-12-01 10:38:09,CP-08,2,StopTransaction,Preparing,0.1921,1.582,9.77,normal,0
2025-12-01 10:51:30,CP-10,1,MeterValues,Charging,0.4,319.159,0.49,spoofed_meter_values,1
2025-12-01 10:51:13,CP-08,1,StatusNotification,Preparing,0.1514,10.78,9.29,normal,0
2025-12-01 09:56:05,CP-08,2,RemoteStopTransaction,Available,0.0353,0.419,18.42,price_drop,1
2025-12-01 09:17:29,CP-02,1,StopTransaction,Available,0.2037,2.548,17.71,normal,0
2025-12-01 09:23:13,CP-04,1,ChangeConfiguration,Available,0.0084,1.031,20.07,price_drop,1
2025-12-01 09:51:50,CP-08,1,BootNotification,Preparing,0.23,1.401,21.87,normal,0
2025-12-01 10:12:48,CP-05,1,StatusNotification,Charging,0.2576,10.276,14.11,normal,0
2025-12-01 09:02:03,CP-05,1,MeterValues,Charging,0.2099,7.994,20.78,normal,0
2025-12-01 10:23:27,CP-08,2,Authorize,Available,0.1609,4.702,10.63,normal,0
2025-12-01 09:02:02,CP-04,2,MeterValues,Faulted,0.014,6.162,15.59,price_drop,1
2025-12-01 09:15:51,CP-07,2,RemoteStartTransaction,Charging,2.2847,9.853,17.87,frequent_irregular_change,1
2025-12-01 10:43:36,CP-05,1,StopTransaction,Charging,0.2812,4.65,9.07,normal,0
2025-12-01 10:50:23,CP-03,2,RemoteStopTransaction,Faulted,4.6238,0.775,3.46,price_spike,1
2025-12-01 10:04:25,CP-04,1,Authorize,Preparing,0.2429,4.514,7.25,normal,0
2025-12-01 10:45:02,CP-05,1,MeterValues,Charging,0.1831,8.634,21.25,normal,0
2025-12-01 09:35:26,CP-05,2,MeterValues,Preparing,0.3134,1.97,13.57,normal,0
2025-12-01 10:32:12,CP-09,1,BootNotification,Available,0.185,10.571,21.22,normal,0
2025-12-01 09:43:18,CP-09,1,ChangeConfiguration,Charging,0.3204,-1.355,140.46,spoofed_meter_values,1
2025-12-01 09:51:48,CP-08,2,MeterValues,Available,0.317,5.352,5.25,normal,0
2025-12-01 10:21:31,CP-03,2,StartTransaction,Preparing,0.1709,6.554,18.6,normal,0
2025-12-01 10:14:10,CP-07,1,Heartbeat,Available,0.2427,1.56,16.82,normal,0
2025-12-01 10:30:00,CP-05,2,Authorize,Charging,0.2386,3.227,17.43,normal,0
2025-12-01 09:13:47,CP-01,2,Heartbeat,Preparing,0.2392,1.201,3.1,normal,0
2025-12-01 09:38:49,CP-07,2,MeterValues,Charging,-0.463,6.684,21.87,negative_price,1
2025-12-01 09:58:32,CP-05,2,RemoteStopTransaction,Faulted,-0.9949,10.897,19.72,negative_price,1
2025-12-01 09:39:18,CP-05,2,MeterValues,Available,-0.3967,9.278,16.93,negative_price,1
2025-12-01 10:13:57,CP-09,1,StatusNotification,Charging,0.1903,4.835,17.86,normal,0
2025-12-01 10:22:17,CP-08,2,RemoteStartTransaction,Preparing,0.0279,5.38,13.29,price_drop,1
2025-12-01 10:08:31,CP-09,1,Heartbeat,Charging,0.184,1.693,3.07,normal,0
2025-12-01 10:39:04,CP-05,1,RemoteStopTransaction,Preparing,5.1158,10.938,7.59,price_spike,1
2025-12-01 10:56:45,CP-09,2,Heartbeat,Charging,0.2057,1.378,9.54,normal,0
2025-12-01 10:02:16,CP-03,2,StartTransaction,Available,0.3286,-4.868,298.43,spoofed_meter_values,1
2025-12-01 10:38:07,CP-10,2,StartTransaction,Available,0.1595,1.179,11.19,normal,0
2025-12-01 09:36:43,CP-05,1,StatusNotification,Charging,0.1946,4.366,16.32,normal,0
2025-12-01 09:43:41,CP-01,2,StartTransaction,Charging,1.732,11.098,7.94,price_spike,1
2025-12-01 10:24:39,CP-02,1,RemoteStartTransaction,SuspendedEV,0.0089,6.941,3.66,price_drop,1
2025-12-01 10:26:55,CP-09,1,StopTransaction,Preparing,0.3348,108.669,0.47,spoofed_meter_values,1
2025-12-01 10:39:46,CP-06,2,StartTransaction,Charging,0.3103,9.393,7.6,normal,0
2025-12-01 09:45:26,CP-01,1,StartTransaction,Charging,0.2116,1.656,12.23,normal,0
2025-12-01 10:49:23,CP-06,2,StatusNotification,Preparing,0.2305,6.391,7.56,normal,0
2025-12-01 10:20:45,CP-05,1,RemoteStopTransaction,Charging,0.033,2.762,3.65,price_drop,1
2025-12-01 09:20:17,CP-02,2,StopTransaction,Charging,0.2606,-8.357,0.74,spoofed_meter_values,1
2025-12-01 10:44:00,CP-05,2,RemoteStopTransaction,SuspendedEV,0.4,344.364,0.6,spoofed_meter_values,1
2025-12-01 10:37:49,CP-09,1,BootNotification,Available,0.26,6.374,6.01,normal,0
2025-12-01 09:01:35,CP-08,1,Authorize,Preparing,0.2425,10.506,3.51,normal,0
2025-12-01 09:39:15,CP-01,1,StartTransaction,Available,0.2179,9.357,11.36,normal,0
2025-12-01 10:26:48,CP-05,2,MeterValues,Charging,0.2257,0.984,14.25,normal,0
2025-12-01 10:45:28,CP-02,2,ChangeConfiguration,Charging,0.0077,2.313,20.0,price_drop,1
2025-12-01 09:12:37,CP-05,2,StartTransaction,Available,0.1977,3.0,5.18,normal,0
2025-12-01 09:39:03,CP-07,1,StopTransaction,Preparing,4.8916,2.009,3.47,price_spike,1
2025-12-01 10:25:11,CP-03,1,StartTransaction,SuspendedEV,1.7961,3.692,6.99,price_spike,1
2025-12-01 10:54:38,CP-02,2,MeterValues,Available,0.3044,10.935,19.97,normal,0
2025-12-01 10:13:47,CP-10,1,ChangeConfiguration,Preparing,-0.5946,7.758,17.59,frequent_irregular_change,1
2025-12-01 10:36:05,CP-05,2,MeterValues,Preparing,0.2261,8.107,2.43,normal,0
2025-12-01 10:52:51,CP-10,2,Heartbeat,Charging,0.1987,9.979,7.35,normal,0
2025-12-01 10:43:47,CP-04,2,RemoteStartTransaction,Available,-0.5319,6.125,5.31,negative_price,1
2025-12-01 09:03:41,CP-06,2,Authorize,Preparing,0.2351,8.977,8.62,normal,0
2025-12-01 09:53:48,CP-09,2,RemoteStopTransaction,Charging,-1.0,9.688,5.33,frequent_irregular_change,1
2025-12-01 09:10:57,CP-08,2,ChangeConfiguration,Preparing,2.1402,7.472,20.0,price_spike,1
2025-12-01 10:19:14,CP-01,1,Authorize,Available,0.1602,3.954,14.6,normal,0
2025-12-01 09:12:34,CP-04,1,RemoteStartTransaction,Faulted,0.288,202.954,0.89,spoofed_meter_values,1
2025-12-01 09:55:06,CP-05,2,StatusNotification,Preparing,0.1952,0.16,12.67,normal,0
2025-12-01 09:45:47,CP-10,2,StartTransaction,Available,0.1912,9.277,13.56,normal,0
2025-12-01 10:31:16,CP-07,1,Heartbeat,Charging,0.3346,5.1,21.57,normal,0
2025-12-01 09:16:17,CP-03,1,StartTransaction,Faulted,3.0005,10.837,10.18,price_spike,1
2025-12-01 09:43:34,CP-06,2,ChangeConfiguration,Faulted,5.0676,1.685,18.67,price_spike,1
2025-12-01 10:20:43,CP-07,2,RemoteStopTransaction,Preparing,-0.6551,4.816,21.34,negative_price,1
2025-12-01 09:31:53,CP-01,1,MeterValues,Available,0.2266,10.352,5.25,normal,0
2025-12-01 10:26:16,CP-07,2,StopTransaction,Charging,0.2371,1.695,8.5,normal,0
2025-12-01 09:16:07,CP-06,2,MeterValues,Charging,0.288,-3.149,122.26,spoofed_meter_values,1
2025-12-01 10:40:04,CP-06,2,RemoteStartTransaction,Available,0.4,125.847,0.26,spoofed_meter_values,1
2025-12-01 10:43:53,CP-06,2,MeterValues,Preparing,0.2729,1.197,8.81,normal,0
2025-12-01 09:56:31,CP-09,2,ChangeConfiguration,Faulted,0.3266,75.924,190.23,spoofed_meter_values,1
2025-12-01 09:19:30,CP-08,1,RemoteStopTransaction,SuspendedEV,4.8308,3.67,2.19,price_spike,1
2025-12-01 10:13:19,CP-08,2,MeterValues,Preparing,0.282,7.037,5.62,normal,0
2025-12-01 09:08:39,CP-06,1,StartTransaction,Available,0.1936,5.213,6.24,normal,0
2025-12-01 10:43:15,CP-02,2,StatusNotification,Charging,0.217,11.376,20.08,normal,0
2025-12-01 09:45:48,CP-10,2,BootNotification,Preparing,0.3204,7.42,8.42,normal,0
2025-12-01 10:31:40,CP-05,1,Authorize,Charging,0.334,9.256,8.73,normal,0
2025-12-01 09:59:43,CP-09,2,RemoteStartTransaction,SuspendedEV,3.8737,11.258,3.55,price_spike,1
2025-12-01 09:29:43,CP-01,2,RemoteStartTransaction,Preparing,0.0232,0.151,15.72,price_drop,1
2025-12-01 09:48:10,CP-05,2,StartTransaction,Available,0.289,1.026,18.69,normal,0
2025-12-01 10:04:49,CP-08,1,MeterValues,Faulted,-0.0543,7.495,12.22,negative_price,1
2025-12-01 10:11:15,CP-03,2,StopTransaction,Preparing,0.2917,4.678,5.71,normal,0
2025-12-01 09:52:27,CP-10,2,Heartbeat,Charging,0.3179,2.794,20.95,normal,0
2025-12-01 09:35:36,CP-05,1,StopTransaction,SuspendedEV,0.2984,93.281,531.4,spoofed_meter_values,1
2025-12-01 10:02:16,CP-08,1,StatusNotification,Preparing,0.1729,2.951,6.42,normal,0
2025-12-01 09:11:30,CP-01,1,MeterValues,Preparing,0.0145,10.356,5.74,price_drop,1
2025-12-01 09:40:31,CP-09,2,BootNotification,Available,0.3243,5.613,17.5,normal,0
2025-12-01 10:54:24,CP-01,1,StartTransaction,Preparing,0.3826,-7.376,0.27,spoofed_meter_values,1
2025-12-01 09:07:24,CP-01,1,StartTransaction,Charging,0.2847,6.579,12.64,normal,0
2025-12-01 10:12:44,CP-08,2,StopTransaction,Charging,0.2963,1.273,18.48,normal,0
2025-12-01 09:55:07,CP-10,2,Authorize,Preparing,0.2896,7.241,8.1,normal,0
2025-12-01 09:58:59,CP-04,2,ChangeConfiguration,Charging,-0.011,0.217,14.38,negative_price,1
2025-12-01 10:44:46,CP-05,2,StopTransaction,Available,0.2501,2.578,6.79,normal,0
2025-12-01 09:36:11,CP-08,1,RemoteStartTransaction,Charging,1.4719,11.974,2.09,frequent_irregular_change,1
2025-12-01 10:46:31,CP-06,1,StopTransaction,Available,0.1964,1.769,2.54,normal,0
2025-12-01 10:18:53,CP-06,2,MeterValues,SuspendedEV,5.1064,3.121,8.89,price_spike,1
2025-12-01 10:50:33,CP-04,1,ChangeConfiguration,Available,0.3826,77.901,554.11,spoofed_meter_values,1
2025-12-01 09:50:05,CP-06,1,ChangeConfiguration,Preparing,1.9986,4.337,4.6,price_spike,1
2025-12-01 09:05:26,CP-03,1,Authorize,Available,0.2386,5.146,14.14,normal,0
2025-12-01 09:33:01,CP-03,1,MeterValues,Faulted,1.5072,4.657,2.83,frequent_irregular_change,1
2025-12-01 09:15:04,CP-07,1,RemoteStartTransaction,Available,4.1595,0.36,5.32,price_spike,1
2025-12-01 09:50:39,CP-07,2,Authorize,Charging,0.1517,5.068,4.41,normal,0
2025-12-01 10:44:54,CP-07,2,StartTransaction,Charging,0.2237,7.191,19.01,normal,0
2025-12-01 10:59:20,CP-06,2,StatusNotification,Charging,0.267,5.881,3.38,normal,0
2025-12-01 09:15:57,CP-02,1,Heartbeat,Preparing,0.2019,6.882,6.56,normal,0
2025-12-01 10:30:58,CP-10,2,RemoteStartTransaction,SuspendedEV,2.8087,10.705,15.22,frequent_irregular_change,1
2025-12-01 09:03:57,CP-07,2,Authorize,Preparing,0.322,11.881,8.11,normal,0
2025-12-01 10:53:02,CP-07,1,StopTransaction,Preparing,0.1908,9.001,8.66,normal,0
2025-12-01 10:18:41,CP-01,2,StartTransaction,Available,5.4517,11.006,21.23,price_spike,1
2025-12-01 10:17:52,CP-07,1,BootNotification,Preparing,0.3402,10.203,8.58,normal,0
2025-12-01 10:24:41,CP-10,1,StopTransaction,SuspendedEV,0.0083,5.193,19.16,price_drop,1
2025-12-01 09:48:49,CP-05,2,StopTransaction,Preparing,0.308,7.236,7.98,normal,0
2025-12-01 10:11:44,CP-07,2,StopTransaction,Preparing,0.3203,257.949,0.36,spoofed_meter_values,1
2025-12-01 09:17:00,CP-01,2,BootNotification,Preparing,0.3394,0.993,8.59,normal,0
2025-12-01 09:57:58,CP-05,1,Heartbeat,Charging,0.1675,1.342,4.13,normal,0
2025-12-01 10:24:34,CP-07,2,Authorize,Preparing,0.2055,1.171,12.92,normal,0
2025-12-01 10:09:37,CP-06,2,MeterValues,Available,0.263,5.874,4.62,normal,0
2025-12-01 09:43:53,CP-07,2,ChangeConfiguration,Charging,6.2061,0.981,4.89,price_spike,1
2025-12-01 10:08:18,CP-10,1,StopTransaction,Available,0.0028,11.794,9.58,price_drop,1
2025-12-01 09:08:14,CP-03,1,StatusNotification,Charging,0.3118,1.558,20.85,normal,0
2025-12-01 10:34:07,CP-01,1,RemoteStartTransaction,Preparing,0.0341,11.556,6.08,price_drop,1
2025-12-01 10:35:30,CP-06,2,RemoteStartTransaction,Preparing,0.0144,6.665,2.81,price_drop,1
2025-12-01 10:02:41,CP-09,1,MeterValues,Available,0.299,7.847,18.55,normal,0
2025-12-01 09:25:07,CP-05,1,Heartbeat,Charging,0.2344,11.21,12.18,normal,0
2025-12-01 10:21:38,CP-02,2,BootNotification,Preparing,0.2446,7.674,5.92,normal,0
2025-12-01 09:37:53,CP-09,2,BootNotification,Preparing,0.3229,9.784,3.86,normal,0
2025-12-01 10:31:10,CP-04,2,MeterValues,SuspendedEV,0.0198,4.373,8.35,price_drop,1
2025-12-01 10:43:16,CP-08,1,StartTransaction,Available,0.2652,3.41,19.57,normal,0
2025-12-01 10:25:10,CP-02,2,StartTransaction,Charging,0.2317,8.402,18.42,normal,0
2025-12-01 09:32:44,CP-02,2,BootNotification,Preparing,0.2887,2.503,4.06,normal,0
2025-12-01 09:28:05,CP-06,1,RemoteStartTransaction,Available,-0.8867,0.747,13.98,negative_price,1
2025-12-01 09:26:53,CP-04,1,StatusNotification,Preparing,0.3292,5.576,14.35,normal,0
2025-12-01 10:57:27,CP-01,1,Authorize,Preparing,0.3388,2.32,3.53,normal,0
2025-12-01 10:26:55,CP-05,2,MeterValues,Charging,0.1593,0.338,7.59,normal,0
2025-12-01 09:27:33,CP-06,1,StopTransaction,Charging,0.2775,-1.669,0.84,spoofed_meter_values,1
2025-12-01 09:14:16,CP-09,1,Heartbeat,Preparing,0.2663,1.839,11.22,normal,0
2025-12-01 10:07:45,CP-06,1,RemoteStopTransaction,SuspendedEV,-0.3794,9.754,15.14,frequent_irregular_change,1
2025-12-01 09:44:17,CP-05,2,StartTransaction,Available,0.2049,7.049,15.7,normal,0
2025-12-01 09:13:41,CP-02,2,Authorize,Available,0.3039,8.337,15.35,normal,0
2025-12-01 10:45:29,CP-10,1,Authorize,Preparing,0.1814,10.105,12.25,normal,0
2025-12-01 09:47:22,CP-02,1,Authorize,Charging,0.2402,6.918,4.63,normal,0
2025-12-01 10:12:33,CP-10,2,MeterValues,Preparing,0.2344,3.185,5.43,normal,0
2025-12-01 09:30:43,CP-03,1,BootNotification,Available,0.296,6.934,5.72,normal,0
2025-12-01 09:24:29,CP-02,2,Heartbeat,Preparing,0.3021,11.285,15.67,normal,0
2025-12-01 10:14:11,CP-04,2,StatusNotification,Preparing,0.2473,11.304,8.97,normal,0
2025-12-01 09:00:17,CP-09,2,RemoteStopTransaction,SuspendedEV,0.0324,0.177,18.12,price_drop,1
2025-12-01 09:25:33,CP-07,1,StartTransaction,Preparing,0.2947,2.7,13.51,normal,0
2025-12-01 09:21:08,CP-01,1,MeterValues,Charging,0.2078,5.02,19.63,normal,0
2025-12-01 09:03:26,CP-08,1,MeterValues,Charging,0.1554,4.789,13.29,normal,0
2025-12-01 09:44:16,CP-03,1,MeterValues,Faulted,0.0262,11.854,14.91,price_drop,1
2025-12-01 09:24:06,CP-07,2,MeterValues,Preparing,0.2775,322.621,0.71,spoofed_meter_values,1
2025-12-01 09:12:43,CP-05,1,StartTransaction,Preparing,6.2209,0.358,18.44,price_spike,1
2025-12-01 09:47:26,CP-01,1,Heartbeat,Available,0.2328,2.996,19.17,normal,0
2025-12-01 10:49:01,CP-01,1,BootNotification,Preparing,0.2974,5.077,20.23,normal,0
2025-12-01 10:48:51,CP-04,1,ChangeConfiguration,Charging,-0.7968,5.205,21.12,negative_price,1
2025-12-01 09:27:29,CP-03,1,StopTransaction,Charging,0.267,1.364,6.79,normal,0
2025-12-01 10:26:58,CP-02,2,ChangeConfiguration,Charging,5.1771,7.147,14.01,price_spike,1
2025-12-01 10:20:14,CP-01,1,Authorize,Available,0.2205,6.816,21.13,normal,0
2025-12-01 10:08:57,CP-04,1,StartTransaction,Available,0.3437,6.253,6.86,normal,0
2025-12-01 09:29:04,CP-07,2,StatusNotification,Charging,0.2882,0.233,15.98,normal,0
2025-12-01 10:34:43,CP-06,1,ChangeConfiguration,Available,0.3844,-9.938,0.01,spoofed_meter_values,1
2025-12-01 10:51:45,CP-05,2,RemoteStopTransaction,Charging,0.0128,8.513,7.04,price_drop,1
2025-12-01 09:38:51,CP-02,2,Authorize,Charging,0.1709,7.279,13.55,normal,0
2025-12-01 10:28:36,CP-09,1,MeterValues,Preparing,0.2519,3.569,10.2,normal,0
2025-12-01 10:23:00,CP-04,1,Authorize,Preparing,0.2585,1.428,4.98,normal,0
2025-12-01 10:44:22,CP-10,2,MeterValues,Preparing,0.21,11.552,19.51,normal,0
2025-12-01 10:33:01,CP-09,1,ChangeConfiguration,SuspendedEV,2.2099,7.543,2.78,frequent_irregular_change,1
2025-12-01 10:07:47,CP-02,1,BootNotification,Charging,0.2988,3.181,6.44,normal,0
2025-12-01 10:14:13,CP-10,1,StartTransaction,Preparing,0.1745,9.557,8.28,normal,0
2025-12-01 10:49:52,CP-10,2,StopTransaction,Faulted,0.9992,8.113,2.67,frequent_irregular_change,1
2025-12-01 09:43:20,CP-04,2,StartTransaction,Available,0.2359,2.75,3.23,normal,0
2025-12-01 09:01:26,CP-07,1,Authorize,Preparing,0.3353,9.443,7.7,normal,0
2025-12-01 09:39:52,CP-06,1,StatusNotification,Preparing,0.2916,11.605,3.36,normal,0
2025-12-01 09:35:28,CP-01,2,StopTransaction,Charging,0.2347,2.106,13.62,normal,0
2025-12-01 09:55:32,CP-02,2,StartTransaction,Charging,0.1778,2.704,7.86,normal,0
2025-12-01 09:12:23,CP-10,2,RemoteStopTransaction,Available,0.288,-7.606,0.82,spoofed_meter_values,1
2025-12-01 10:38:55,CP-06,1,BootNotification,Charging,0.3465,1.071,20.34,normal,0
2025-12-01 10:02:05,CP-02,1,Authorize,Available,0.2504,2.895,7.54,normal,0
2025-12-01 10:18:47,CP-08,2,StopTransaction,Preparing,0.1761,6.203,16.81,normal,0
2025-12-01 10:51:27,CP-01,2,MeterValues,Faulted,2.7961,8.393,21.63,price_spike,1
2025-12-01 09:07:42,CP-06,1,RemoteStartTransaction,Preparing,-0.4431,2.733,4.92,negative_price,1
2025-12-01 09:46:23,CP-04,1,RemoteStopTransaction,SuspendedEV,6.6319,2.053,10.16,price_spike,1
2025-12-01 09:26:55,CP-03,1,ChangeConfiguration,Available,0.8123,6.209,12.02,frequent_irregular_change,1
2025-12-01 09:58:59,CP-01,2,MeterValues,Preparing,2.9925,4.101,8.41,price_spike,1
2025-12-01 10:29:33,CP-03,2,MeterValues,Available,0.1869,3.443,15.41,normal,0
2025-12-01 10:02:33,CP-05,1,Heartbeat,Charging,0.3276,11.517,10.49,normal,0
2025-12-01 10:47:18,CP-03,1,BootNotification,Charging,0.2393,8.245,7.21,normal,0
2025-12-01 10:40:20,CP-07,2,RemoteStopTransaction,Available,3.3181,11.371,4.14,price_spike,1
2025-12-01 09:59:17,CP-04,2,StopTransaction,Preparing,6.4354,3.624,13.2,price_spike,1
2025-12-01 09:42:31,CP-04,1,Authorize,Available,0.1763,11.814,18.5,normal,0
2025-12-01 09:28:59,CP-03,1,StartTransaction,SuspendedEV,4.1935,8.562,10.66,price_spike,1
2025-12-01 10:13:58,CP-05,1,Heartbeat,Charging,0.2239,8.446,17.11,normal,0
2025-12-01 09:00:49,CP-08,2,StopTransaction,Preparing,0.2418,3.252,6.93,normal,0
2025-12-01 10:44:53,CP-04,2,RemoteStartTransaction,Preparing,4.9474,9.762,14.81,price_spike,1
2025-12-01 09:34:30,CP-01,1,StartTransaction,Charging,5.1251,10.557,6.12,price_spike,1
2025-12-01 10:28:07,CP-08,2,RemoteStopTransaction,Available,-0.9051,2.321,14.08,negative_price,1
2025-12-01 10:29:21,CP-08,2,RemoteStopTransaction,Charging,0.3348,396.409,0.75,spoofed_meter_values,1
2025-12-01 09:41:14,CP-08,1,BootNotification,Charging,0.1659,10.735,10.47,normal,0
2025-12-01 09:34:28,CP-01,1,BootNotification,Preparing,0.2894,10.715,10.52,normal,0
2025-12-01 09:11:21,CP-06,1,MeterValues,Available,5.8888,6.741,13.5,price_spike,1
2025-12-01 10:08:48,CP-08,1,BootNotification,Preparing,0.2038,10.048,5.04,normal,0
2025-12-01 10:17:21,CP-09,1,RemoteStopTransaction,Charging,0.3134,-0.456,0.93,spoofed_meter_values,1
2025-12-01 09:03:30,CP-10,1,MeterValues,Available,0.3065,4.232,10.57,normal,0
2025-12-01 09:53:26,CP-02,1,StopTransaction,Charging,0.2159,3.429,21.71,normal,0
2025-12-01 10:01:28,CP-09,2,StatusNotification,Charging,0.1586,11.95,7.63,normal,0
2025-12-01 09:04:29,CP-08,1,RemoteStopTransaction,Charging,6.6094,5.314,15.97,price_spike,1
2025-12-01 09:10:32,CP-06,1,StopTransaction,Available,0.2495,3.618,20.14,normal,0
2025-12-01 10:21:08,CP-10,2,StopTransaction,Available,4.818,9.557,11.62,price_spike,1
2025-12-01 10:36:36,CP-04,2,MeterValues,Charging,0.1701,7.751,8.97,normal,0
2025-12-01 10:40:12,CP-01,1,StopTransaction,Available,0.2669,0.148,12.57,normal,0
2025-12-01 10:05:22,CP-08,1,RemoteStopTransaction,Faulted,5.4151,5.235,20.6,price_spike,1
2025-12-01 09:11:46,CP-06,2,StopTransaction,SuspendedEV,0.2785,-6.591,0.85,spoofed_meter_values,1
2025-12-01 10:29:53,CP-06,2,Authorize,Charging,0.3345,7.001,10.72,normal,0
2025-12-01 09:43:00,CP-01,1,StopTransaction,Preparing,0.3495,4.734,19.14,normal,0
2025-12-01 10:21:28,CP-01,2,StopTransaction,Preparing,0.2096,10.431,21.09,normal,0
2025-12-01 10:40:18,CP-06,2,Heartbeat,Available,0.2409,7.24,15.09,normal,0
2025-12-01 09:40:52,CP-04,2,BootNotification,Preparing,0.3475,7.041,2.29,normal,0
2025-12-01 09:55:40,CP-08,1,Authorize,Preparing,0.3419,3.15,15.61,normal,0
2025-12-01 09:29:58,CP-10,1,StopTransaction,Charging,0.2685,281.534,0.19,spoofed_meter_values,1
2025-12-01 09:18:33,CP-03,1,StatusNotification,Available,0.2282,9.995,19.19,normal,0
2025-12-01 09:57:46,CP-07,1,StartTransaction,Charging,0.3066,8.136,20.81,normal,0
2025-12-01 10:29:25,CP-02,2,StopTransaction,Preparing,0.2663,6.775,3.36,normal,0
2025-12-01 09:12:48,CP-04,1,BootNotification,Preparing,0.2738,10.366,21.74,normal,0
2025-12-01 10:14:31,CP-02,1,RemoteStartTransaction,Charging,1.9272,11.327,7.8,frequent_irregular_change,1
2025-12-01 09:54:50,CP-09,2,RemoteStopTransaction,Available,-0.5488,7.402,11.97,frequent_irregular_change,1
2025-12-01 09:39:27,CP-04,1,StartTransaction,Available,0.0209,0.388,16.38,price_drop,1
2025-12-01 09:14:35,CP-04,2,Authorize,Charging,0.2699,11.726,6.89,normal,0
2025-12-01 09:19:10,CP-06,1,Authorize,Charging,0.3467,2.411,14.28,normal,0
2025-12-01 09:01:01,CP-03,2,Heartbeat,Charging,0.203,10.482,10.46,normal,0
2025-12-01 10:30:33,CP-01,2,StatusNotification,Preparing,0.1963,2.5,21.6,normal,0
2025-12-01 09:05:15,CP-02,2,Authorize,Charging,0.1565,4.509,10.87,normal,0
2025-12-01 09:48:56,CP-01,1,ChangeConfiguration,Available,0.0352,10.684,4.04,price_drop,1
2025-12-01 09:35:26,CP-03,1,Heartbeat,Preparing,0.3353,8.572,13.01,normal,0
2025-12-01 10:58:15,CP-07,1,BootNotification,Preparing,0.2892,10.687,11.35,normal,0
2025-12-01 10:34:11,CP-02,2,StopTransaction,SuspendedEV,-0.2266,7.66,3.94,frequent_irregular_change,1
2025-12-01 10:36:16,CP-05,2,StopTransaction,Available,0.2008,1.55,4.19,normal,0
2025-12-01 10:00:44,CP-03,2,StopTransaction,Charging,0.1622,7.222,11.68,normal,0
2025-12-01 09:00:17,CP-04,2,RemoteStartTransaction,Charging,-0.6446,4.193,7.29,negative_price,1
2025-12-01 09:00:02,CP-05,1,ChangeConfiguration,Faulted,0.2921,-9.139,0.09,spoofed_meter_values,1
2025-12-01 10:03:11,CP-06,2,StopTransaction,Charging,0.203,10.929,2.33,normal,0
2025-12-01 10:38:58,CP-09,2,RemoteStartTransaction,Charging,0.0235,3.815,20.0,price_drop,1
2025-12-01 10:00:38,CP-09,1,MeterValues,Preparing,0.1908,6.887,16.17,normal,0
2025-12-01 09:45:45,CP-04,2,Heartbeat,Preparing,0.2179,3.49,17.16,normal,0
2025-12-01 10:21:50,CP-05,2,ChangeConfiguration,Preparing,0.3348,-5.185,0.7,spoofed_meter_values,1
2025-12-01 09:00:28,CP-04,1,RemoteStartTransaction,Charging,0.0065,4.328,15.4,price_drop,1
2025-12-01 09:09:09,CP-02,1,StopTransaction,Preparing,5.0354,11.561,18.43,price_spike,1
2025-12-01 09:06:00,CP-03,2,StopTransaction,Preparing,2.3185,8.179,3.05,frequent_irregular_change,1
2025-12-01 09:30:22,CP-07,1,MeterValues,SuspendedEV,-0.9785,1.046,17.28,negative_price,1
2025-12-01 10:44:49,CP-08,1,StopTransaction,Available,0.2132,4.568,7.44,normal,0
2025-12-01 09:56:48,CP-10,2,RemoteStopTransaction,Available,-0.8874,9.505,7.89,negative_price,1
2025-12-01 10:56:04,CP-05,1,StartTransaction,Available,-0.7897,2.289,20.64,negative_price,1
2025-12-01 09:30:41,CP-08,2,StartTransaction,Preparing,0.0254,1.066,11.55,price_drop,1
2025-12-01 09:46:50,CP-08,2,StatusNotification,Charging,0.2888,3.711,14.9,normal,0
2025-12-01 10:03:25,CP-04,1,StopTransaction,SuspendedEV,2.702,4.905,19.55,frequent_irregular_change,1
2025-12-01 10:09:45,CP-07,1,StartTransaction,Charging,0.2076,10.549,15.67,normal,0
2025-12-01 09:05:43,CP-10,2,ChangeConfiguration,Available,-0.1557,7.846,17.38,negative_price,1
2025-12-01 10:48:15,CP-01,2,RemoteStartTransaction,Available,5.2517,10.147,10.01,price_spike,1
2025-12-01 09:23:01,CP-03,2,ChangeConfiguration,Preparing,-0.4575,2.162,19.67,negative_price,1
2025-12-01 09:37:29,CP-08,1,ChangeConfiguration,Charging,-1.0,7.432,3.49,frequent_irregular_change,1
2025-12-01 10:44:01,CP-04,1,ChangeConfiguration,Charging,-0.5614,11.917,2.68,negative_price,1
2025-12-01 09:46:36,CP-06,2,StartTransaction,Charging,0.0305,3.731,17.22,price_drop,1
2025-12-01 10:52:44,CP-10,2,Heartbeat,Available,0.1766,6.298,6.55,normal,0
2025-12-01 09:28:09,CP-03,1,StartTransaction,Available,0.2212,7.693,5.41,normal,0
2025-12-01 10:05:23,CP-05,2,Authorize,Charging,0.3185,10.293,8.06,normal,0
2025-12-01 10:33:15,CP-05,1,BootNotification,Preparing,0.2371,5.434,21.16,normal,0
2025-12-01 09:45:00,CP-06,1,RemoteStopTransaction,Faulted,0.3204,-6.635,439.2,spoofed_meter_values,1
2025-12-01 10:15:18,CP-01,1,StopTransaction,Preparing,-0.7654,3.404,15.38,negative_price,1
2025-12-01 09:08:54,CP-07,2,BootNotification,Charging,0.2781,6.498,5.05,normal,0
2025-12-01 10:42:09,CP-02,2,MeterValues,Available,0.1873,1.541,4.73,normal,0
2025-12-01 09:10:53,CP-06,1,StopTransaction,Preparing,0.345,2.216,12.85,normal,0
2025-12-01 10:48:23,CP-01,2,StopTransaction,Available,0.2959,11.417,18.92,normal,0
2025-12-01 09:41:14,CP-02,1,StatusNotification,Charging,0.317,10.371,6.91,normal,0
2025-12-01 10:10:24,CP-05,2,StopTransaction,Preparing,0.3366,4.573,3.66,normal,0
2025-12-01 10:27:02,CP-06,1,StopTransaction,Charging,0.1682,11.048,8.19,normal,0
2025-12-01 10:06:30,CP-02,2,StartTransaction,Charging,0.3414,2.255,12.31,normal,0
2025-12-01 09:59:40,CP-09,2,Heartbeat,Charging,0.2089,4.136,21.67,normal,0
2025-12-01 09:48:54,CP-03,2,StartTransaction,Available,0.197,8.175,15.94,normal,0
2025-12-01 10:27:51,CP-06,1,MeterValues,Available,4.8192,10.638,17.1,price_spike,1
2025-12-01 10:10:23,CP-10,2,Authorize,Available,0.2923,11.3,15.29,normal,0
2025-12-01 09:36:08,CP-10,2,StatusNotification,Available,0.2322,7.61,19.54,normal,0
2025-12-01 09:42:55,CP-05,2,ChangeConfiguration,Preparing,-0.1203,8.076,7.12,frequent_irregular_change,1
2025-12-01 09:07:30,CP-09,2,RemoteStopTransaction,Preparing,0.2785,-7.631,126.25,spoofed_meter_values,1
2025-12-01 10:06:19,CP-10,2,RemoteStopTransaction,Preparing,2.6983,2.86,15.0,price_spike,1
2025-12-01 10:51:18,CP-09,2,ChangeConfiguration,Charging,2.2776,10.161,14.31,frequent_irregular_change,1
2025-12-01 10:02:12,CP-03,1,ChangeConfiguration,Charging,-0.8627,6.192,12.33,negative_price,1
2025-12-01 10:50:36,CP-09,2,MeterValues,Preparing,0.2334,6.942,16.22,normal,0
2025-12-01 09:40:51,CP-09,1,StartTransaction,Faulted,3.3556,8.71,15.26,price_spike,1
2025-12-01 09:16:55,CP-07,1,BootNotification,Preparing,0.2759,3.306,14.66,normal,0
2025-12-01 10:13:23,CP-03,1,StopTransaction,Available,0.2293,4.81,21.02,normal,0
2025-12-01 10:51:32,CP-08,2,ChangeConfiguration,Preparing,0.0249,8.494,12.4,price_drop,1
2025-12-01 09:38:52,CP-01,2,StopTransaction,SuspendedEV,0.0002,4.282,18.94,price_drop,1
2025-12-01 10:45:17,CP-09,2,StopTransaction,Faulted,-1.0,9.318,4.5,frequent_irregular_change,1
2025-12-01 10:06:04,CP-07,1,RemoteStopTransaction,Preparing,0.0273,0.317,12.05,price_drop,1
2025-12-01 10:17:55,CP-10,2,Authorize,Charging,0.3475,1.013,16.08,normal,0
2025-12-01 10:41:46,CP-08,2,StartTransaction,Charging,0.2701,3.952,7.74,normal,0
2025-12-01 10:31:03,CP-08,2,StartTransaction,Charging,0.2423,2.57,9.95,normal,0
2025-12-01 09:08:33,CP-08,1,StopTransaction,Preparing,0.3101,11.032,13.8,normal,0
2025-12-01 09:48:43,CP-02,2,StopTransaction,Available,0.2846,5.909,6.01,normal,0
2025-12-01 09:47:48,CP-02,2,StartTransaction,Available,0.3479,231.568,368.68,spoofed_meter_values,1
2025-12-01 09:50:28,CP-03,1,StartTransaction,Charging,0.1864,10.178,10.73,normal,0
2025-12-01 10:51:24,CP-02,1,MeterValues,Charging,0.3323,9.762,14.58,normal,0
2025-12-01 09:05:13,CP-02,2,MeterValues,Available,0.2309,7.718,7.79,normal,0
2025-12-01 10:33:58,CP-10,2,ChangeConfiguration,Faulted,0.3844,434.441,0.73,spoofed_meter_values,1
2025-12-01 10:54:07,CP-05,2,StatusNotification,Charging,0.2192,2.019,19.1,normal,0
2025-12-01 09:05:27,CP-09,1,MeterValues,Preparing,0.1984,1.809,10.58,normal,0
2025-12-01 09:10:37,CP-06,2,Heartbeat,Preparing,0.158,11.151,13.94,normal,0
2025-12-01 10:38:20,CP-04,1,StatusNotification,Preparing,0.1589,6.645,10.47,normal,0
2025-12-01 09:56:08,CP-05,1,StartTransaction,Faulted,-0.6068,0.983,20.93,negative_price,1
2025-12-01 09:27:57,CP-03,2,StopTransaction,Preparing,1.6573,7.316,3.28,frequent_irregular_change,1
2025-12-01 09:41:37,CP-02,2,StopTransaction,Available,0.2185,10.321,16.19,normal,0
2025-12-01 09:16:18,CP-04,1,Heartbeat,Available,0.2449,6.238,17.72,normal,0
2025-12-01 10:51:24,CP-05,2,StartTransaction,Available,0.2797,10.502,7.66,normal,0
2025-12-01 10:12:40,CP-01,1,StartTransaction,Preparing,2.5649,6.206,13.95,price_spike,1
2025-12-01 10:16:34,CP-05,2,ChangeConfiguration,Preparing,0.0207,5.388,13.71,price_drop,1
2025-12-01 09:22:30,CP-05,2,RemoteStopTransaction,Available,-1.0,10.219,21.81,frequent_irregular_change,1
2025-12-01 10:30:28,CP-04,1,StatusNotification,Preparing,0.2018,2.15,6.34,normal,0
2025-12-01 10:28:12,CP-09,2,Heartbeat,Charging,0.2189,3.402,10.98,normal,0
2025-12-01 10:38:05,CP-09,2,Authorize,Charging,0.3253,2.336,5.17,normal,0
2025-12-01 10:27:02,CP-05,2,BootNotification,Charging,0.2977,7.626,12.8,normal,0
2025-12-01 10:26:16,CP-05,2,StartTransaction,Faulted,0.3581,322.184,158.82,spoofed_meter_values,1
2025-12-01 09:43:35,CP-09,1,StartTransaction,Preparing,4.5752,8.077,14.53,price_spike,1
2025-12-01 09:29:39,CP-10,2,StopTransaction,SuspendedEV,0.0391,7.33,6.09,price_drop,1
2025-12-01 09:20:38,CP-03,1,BootNotification,Available,0.2105,2.476,11.4,normal,0
2025-12-01 09:04:30,CP-10,1,MeterValues,SuspendedEV,0.2921,-1.379,0.5,spoofed_meter_values,1
2025-12-01 10:25:06,CP-01,2,BootNotification,Charging,0.1628,3.779,18.57,normal,0
2025-12-01 10:51:30,CP-04,1,RemoteStopTransaction,Charging,0.3826,329.036,225.74,spoofed_meter_values,1
2025-12-01 10:14:45,CP-08,2,StatusNotification,Available,0.3476,6.616,2.66,normal,0
2025-12-01 09:40:29,CP-04,2,Heartbeat,Available,0.2542,4.578,6.83,normal,0
2025-12-01 09:20:56,CP-09,1,StatusNotification,Available,0.2537,4.855,13.51,normal,0
2025-12-01 09:07:53,CP-03,1,RemoteStopTransaction,Available,-0.3958,2.053,9.02,negative_price,1
2025-12-01 10:11:08,CP-05,2,ChangeConfiguration,SuspendedEV,0.3203,170.362,0.17,spoofed_meter_values,1
2025-12-01 09:39:05,CP-07,1,RemoteStartTransaction,Charging,1.7826,11.011,18.91,frequent_irregular_change,1
2025-12-01 09:32:31,CP-01,2,Heartbeat,Available,0.1689,2.508,15.07,normal,0
2025-12-01 09:33:57,CP-04,1,StartTransaction,Preparing,0.1815,7.463,16.82,normal,0
2025-12-01 10:54:06,CP-07,1,MeterValues,Charging,0.2648,4.302,3.2,normal,0
2025-12-01 10:06:53,CP-10,2,StopTransaction,Charging,0.2265,7.514,7.41,normal,0
2025-12-01 10:08:24,CP-09,1,StartTransaction,Preparing,0.167,3.314,17.31,normal,0
2025-12-01 09:07:38,CP-06,2,Authorize,Charging,0.2253,9.078,11.47,normal,0
2025-12-01 10:50:55,CP-01,1,StartTransaction,Available,0.2088,3.626,14.51,normal,0
2025-12-01 10:45:36,CP-02,1,RemoteStartTransaction,SuspendedEV,2.7646,1.332,17.68,price_spike,1
2025-12-01 10:00:51,CP-08,2,Authorize,Charging,0.1996,3.651,21.49,normal,0
2025-12-01 09:02:59,CP-03,1,RemoteStartTransaction,SuspendedEV,0.0217,5.048,6.14,price_drop,1
2025-12-01 10:45:24,CP-04,1,StartTransaction,Faulted,2.2544,8.826,14.21,price_spike,1
2025-12-01 09:03:48,CP-04,2,StopTransaction,Charging,0.2258,0.442,19.02,normal,0
2025-12-01 10:19:58,CP-08,2,Authorize,Charging,0.1874,9.047,15.86,normal,0
2025-12-01 09:54:23,CP-08,1,BootNotification,Charging,0.3236,5.732,15.6,normal,0
2025-12-01 09:08:20,CP-09,1,StartTransaction,Preparing,0.3386,2.595,17.95,normal,0
2025-12-01 09:40:24,CP-06,1,MeterValues,Preparing,-0.7865,10.337,17.01,negative_price,1
2025-12-01 10:00:30,CP-07,2,StartTransaction,Charging,0.2599,3.571,2.52,normal,0
2025-12-01 09:33:05,CP-09,2,StartTransaction,Available,0.2708,5.121,17.77,normal,0
2025-12-01 10:26:34,CP-04,2,Authorize,Available,0.243,0.859,17.51,normal,0
2025-12-01 09:49:03,CP-06,1,MeterValues,Charging,-0.1101,8.65,8.83,negative_price,1
2025-12-01 09:20:48,CP-02,1,StatusNotification,Charging,0.315,9.068,4.24,normal,0
2025-12-01 09:31:12,CP-04,1,MeterValues,Faulted,4.9486,10.64,9.29,price_spike,1
2025-12-01 09:33:50,CP-09,1,RemoteStartTransaction,Faulted,-0.3447,9.114,10.02,frequent_irregular_change,1
2025-12-01 09:06:13,CP-02,2,BootNotification,Preparing,0.2515,6.523,16.77,normal,0
2025-12-01 10:15:14,CP-06,2,ChangeConfiguration,Preparing,0.3203,-0.812,497.62,spoofed_meter_values,1
2025-12-01 09:25:49,CP-10,1,Heartbeat,Charging,0.2406,11.102,5.34,normal,0
2025-12-01 09:07:03,CP-04,1,StopTransaction,Charging,0.3294,9.941,12.31,normal,0
2025-12-01 09:41:38,CP-09,1,StatusNotification,Preparing,0.3434,5.141,21.03,normal,0
2025-12-01 09:21:09,CP-07,1,RemoteStartTransaction,Preparing,-0.0346,4.429,11.97,negative_price,1
2025-12-01 09:12:28,CP-01,1,StopTransaction,Preparing,0.2991,0.368,17.17,normal,0
2025-12-01 10:37:59,CP-03,1,StatusNotification,Preparing,0.3399,10.448,12.09,normal,0
2025-12-01 09:04:50,CP-07,2,RemoteStartTransaction,Preparing,-0.7382,1.571,9.37,negative_price,1
2025-12-01 09:55:02,CP-08,2,StatusNotification,Available,0.1912,3.425,4.51,normal,0
2025-12-01 09:38:52,CP-10,1,Authorize,Charging,0.1744,8.343,8.47,normal,0
2025-12-01 10:10:06,CP-01,1,StartTransaction,Charging,-0.9318,3.312,10.73,frequent_irregular_change,1
2025-12-01 10:05:57,CP-10,1,Authorize,Available,0.29,1.796,17.43,normal,0
2025-12-01 09:24:12,CP-03,1,Authorize,Charging,0.2862,4.537,18.67,normal,0
2025-12-01 09:47:27,CP-01,1,Authorize,Preparing,0.3308,8.512,3.4,normal,0
2025-12-01 09:46:33,CP-02,1,StartTransaction,Charging,0.2827,11.921,16.02,normal,0
2025-12-01 09:31:15,CP-05,1,Authorize,Preparing,0.1945,9.213,12.74,normal,0
2025-12-01 09:21:22,CP-10,1,MeterValues,Preparing,0.1636,8.607,17.15,normal,0
2025-12-01 10:01:59,CP-10,2,MeterValues,Charging,-0.0454,1.182,7.32,negative_price,1
2025-12-01 10:34:50,CP-02,1,StatusNotification,Available,0.2699,0.752,15.95,normal,0
2025-12-01 10:53:23,CP-08,1,StopTransaction,Charging,0.2635,1.883,19.29,normal,0
2025-12-01 09:15:37,CP-02,2,Heartbeat,Charging,0.2833,5.207,11.48,normal,0
2025-12-01 10:18:53,CP-02,1,StopTransaction,Preparing,0.2429,1.935,13.82,normal,0
2025-12-01 09:04:59,CP-10,2,Authorize,Charging,0.3051,2.838,18.04,normal,0
2025-12-01 09:02:15,CP-06,1,StartTransaction,Charging,0.0183,11.155,20.71,price_drop,1
2025-12-01 09:13:43,CP-08,1,StatusNotification,Preparing,0.1566,11.81,21.35,normal,0
2025-12-01 10:09:30,CP-05,1,StopTransaction,Available,0.2437,9.353,8.02,normal,0
2025-12-01 10:50:33,CP-06,1,StartTransaction,Faulted,-0.8322,7.31,3.37,negative_price,1
2025-12-01 09:23:02,CP-06,2,StopTransaction,Preparing,-0.9689,11.34,7.09,negative_price,1
2025-12-01 10:06:53,CP-01,1,Authorize,Charging,0.3309,4.319,9.46,normal,0
2025-12-01 09:07:33,CP-08,2,StartTransaction,Available,0.2881,4.983,17.5,normal,0
2025-12-01 10:47:30,CP-03,1,Authorize,Charging,0.1589,11.192,5.01,normal,0
2025-12-01 10:30:29,CP-09,2,RemoteStartTransaction,Charging,0.0315,9.799,17.18,price_drop,1
2025-12-01 09:17:05,CP-01,2,StopTransaction,Charging,0.336,9.188,20.08,normal,0
2025-12-01 09:40:44,CP-02,2,StartTransaction,Charging,0.2938,1.064,2.12,normal,0
2025-12-01 10:17:31,CP-03,2,ChangeConfiguration,SuspendedEV,-0.5574,2.85,14.56,negative_price,1
2025-12-01 10:18:54,CP-08,1,Authorize,Available,0.2838,0.577,13.7,normal,0
2025-12-01 10:33:53,CP-04,1,MeterValues,Charging,0.3112,2.932,17.93,normal,0
2025-12-01 10:38:47,CP-01,1,Heartbeat,Available,0.2641,3.313,12.63,normal,0
2025-12-01 10:02:11,CP-07,2,StartTransaction,Preparing,0.1878,1.599,6.92,normal,0
2025-12-01 09:01:36,CP-04,1,RemoteStopTransaction,Charging,0.2921,-7.722,0.71,spoofed_meter_values,1
2025-12-01 10:48:51,CP-02,1,StartTransaction,Available,-0.1479,4.135,11.63,negative_price,1
2025-12-01 09:21:38,CP-08,1,StopTransaction,Faulted,0.0271,11.025,16.0,price_drop,1
2025-12-01 09:32:01,CP-03,1,BootNotification,Available,0.343,2.04,12.89,normal,0
2025-12-01 10:03:43,CP-03,2,MeterValues,Available,0.2265,1.726,19.17,normal,0
2025-12-01 09:50:37,CP-01,2,ChangeConfiguration,Available,6.0794,1.179,9.48,price_spike,1
2025-12-01 10:22:44,CP-06,2,MeterValues,Preparing,0.261,10.438,11.97,normal,0
2025-12-01 10:18:20,CP-07,1,StopTransaction,Preparing,0.2239,8.734,6.58,normal,0
2025-12-01 09:09:10,CP-02,1,StopTransaction,Charging,0.1783,3.811,11.11,normal,0
2025-12-01 09:37:58,CP-04,2,BootNotification,Preparing,0.1528,10.431,12.45,normal,0
2025-12-01 10:12:43,CP-08,1,Authorize,Available,0.3448,4.485,21.44,normal,0
2025-12-01 10:05:04,CP-04,1,StartTransaction,Available,0.2851,10.328,3.79,normal,0
2025-12-01 09:07:59,CP-06,2,Heartbeat,Preparing,0.3081,8.303,3.57,normal,0
2025-12-01 09:39:50,CP-01,2,ChangeConfiguration,Charging,0.2984,372.322,264.81,spoofed_meter_values,1
2025-12-01 10:44:23,CP-08,1,MeterValues,Available,0.2395,10.882,4.66,normal,0
2025-12-01 10:08:57,CP-03,1,Heartbeat,Charging,0.3221,4.948,4.66,normal,0
2025-12-01 09:25:36,CP-04,1,MeterValues,Preparing,0.2775,-7.826,0.54,spoofed_meter_values,1
2025-12-01 10:52:08,CP-06,2,StartTransaction,Preparing,0.1538,9.948,21.36,normal,0
2025-12-01 10:14:30,CP-09,1,MeterValues,Charging,0.2969,8.864,20.72,normal,0
2025-12-01 10:36:21,CP-07,1,RemoteStopTransaction,Preparing,-0.4041,1.38,11.45,negative_price,1
2025-12-01 09:19:13,CP-07,2,Authorize,Available,0.2947,7.251,11.65,normal,0
2025-12-01 09:40:32,CP-08,1,StopTransaction,Charging,0.1711,5.052,13.42,normal,0
2025-12-01 09:35:31,CP-02,1,Authorize,Preparing,0.3206,8.518,19.17,normal,0
2025-12-01 10:43:21,CP-04,1,StartTransaction,Preparing,2.8582,0.681,3.73,frequent_irregular_change,1
2025-12-01 09:24:30,CP-08,2,BootNotification,Preparing,0.162,5.99,4.73,normal,0
2025-12-01 09:55:39,CP-03,2,ChangeConfiguration,Charging,0.0194,11.022,13.84,price_drop,1
2025-12-01 10:28:40,CP-06,1,RemoteStopTransaction,Preparing,-0.5945,6.286,17.63,negative_price,1
2025-12-01 10:21:32,CP-09,1,StartTransaction,Preparing,0.3134,-7.195,229.63,spoofed_meter_values,1
2025-12-01 09:58:28,CP-09,1,RemoteStopTransaction,SuspendedEV,0.0255,2.48,6.34,price_drop,1
2025-12-01 09:42:35,CP-03,1,Heartbeat,Preparing,0.1805,8.809,12.39,normal,0
2025-12-01 09:24:09,CP-04,2,MeterValues,Available,0.2307,6.431,14.95,normal,0
2025-12-01 10:35:25,CP-05,2,StartTransaction,Preparing,0.2411,7.831,21.21,normal,0
2025-12-01 10:01:33,CP-02,2,ChangeConfiguration,Faulted,6.4548,1.406,15.66,price_spike,1
2025-12-01 10:41:21,CP-02,2,RemoteStopTransaction,Preparing,-0.1364,1.317,10.58,negative_price,1
2025-12-01 10:22:15,CP-05,1,StatusNotification,Preparing,0.2944,0.355,5.58,normal,0
2025-12-01 10:22:28,CP-03,1,BootNotification,Available,0.2411,1.484,21.86,normal,0
2025-12-01 09:21:10,CP-01,1,MeterValues,Preparing,0.2662,0.872,7.79,normal,0
2025-12-01 09:12:47,CP-10,1,MeterValues,Available,0.3393,10.974,19.97,normal,0
2025-12-01 09:14:49,CP-06,1,Authorize,Charging,0.3439,2.501,14.71,normal,0
2025-12-01 09:15:27,CP-01,2,StatusNotification,Preparing,0.3012,11.698,17.63,normal,0
2025-12-01 09:30:29,CP-10,1,StopTransaction,Charging,0.2194,6.209,13.16,normal,0
2025-12-01 10:15:34,CP-02,2,StopTransaction,Charging,0.3203,343.133,0.2,spoofed_meter_values,1
2025-12-01 10:28:15,CP-06,1,RemoteStopTransaction,Preparing,-0.9715,5.94,5.91,negative_price,1
2025-12-01 10:33:10,CP-02,2,StopTransaction,Charging,0.2768,9.948,17.72,normal,0
2025-12-01 09:20:08,CP-01,2,Authorize,Charging,0.239,8.772,21.22,normal,0
2025-12-01 10:30:14,CP-10,1,Authorize,Available,0.2502,2.352,18.64,normal,0
2025-12-01 10:46:20,CP-08,1,ChangeConfiguration,Faulted,4.1749,2.171,6.36,price_spike,1
2025-12-01 09:11:45,CP-06,2,Heartbeat,Charging,0.3492,11.745,7.52,normal,0
2025-12-01 09:11:58,CP-06,1,MeterValues,Available,2.5646,0.472,4.14,price_spike,1
2025-12-01 10:30:33,CP-09,2,BootNotification,Preparing,0.2528,5.43,20.03,normal,0
2025-12-01 09:29:28,CP-07,1,StatusNotification,Available,0.1743,9.171,15.39,normal,0
2025-12-01 09:53:55,CP-01,1,MeterValues,Preparing,0.2092,4.06,15.8,normal,0
2025-12-01 10:37:45,CP-04,2,MeterValues,Preparing,0.2856,0.895,7.23,normal,0
2025-12-01 10:37:04,CP-06,1,StatusNotification,Preparing,0.2846,8.323,19.98,normal,0
2025-12-01 10:12:04,CP-05,1,Authorize,Charging,0.223,5.602,5.54,normal,0
2025-12-01 10:03:37,CP-08,1,Authorize,Charging,0.1769,2.692,6.36,normal,0
2025-12-01 09:24:02,CP-10,1,MeterValues,Preparing,0.3035,0.843,11.02,normal,0
2025-12-01 10:41:53,CP-09,1,Authorize,Charging,0.1693,8.888,20.18,normal,0
2025-12-01 09:54:50,CP-01,2,ChangeConfiguration,Preparing,-1.0,9.636,12.61,frequent_irregular_change,1
2025-12-01 09:37:56,CP-06,2,RemoteStopTransaction,SuspendedEV,6.3003,11.352,2.66,price_spike,1
2025-12-01 10:22:03,CP-07,1,StopTransaction,Preparing,2.1674,9.683,4.97,frequent_irregular_change,1
2025-12-01 10:45:55,CP-09,1,MeterValues,Charging,0.0125,8.275,14.43,price_drop,1
2025-12-01 09:34:26,CP-07,2,MeterValues,Charging,2.476,10.414,7.14,price_spike,1
2025-12-01 10:04:08,CP-01,1,StartTransaction,Available,0.2541,4.132,8.91,normal,0
2025-12-01 09:41:57,CP-10,1,StatusNotification,Charging,0.2526,2.846,3.06,normal,0
2025-12-01 09:42:34,CP-03,1,RemoteStartTransaction,SuspendedEV,1.8178,5.664,9.32,frequent_irregular_change,1
2025-12-01 10:27:44,CP-10,1,MeterValues,Available,0.1799,0.712,14.37,normal,0
2025-12-01 09:14:53,CP-02,2,StopTransaction,Preparing,0.3186,2.909,13.42,normal,0
2025-12-01 09:24:09,CP-07,1,StopTransaction,Charging,0.2929,4.899,6.79,normal,0
2025-12-01 10:05:32,CP-06,1,RemoteStartTransaction,Preparing,-0.0112,3.311,11.41,negative_price,1
2025-12-01 09:17:54,CP-08,2,StopTransaction,Faulted,-0.9506,1.739,19.57,negative_price,1
2025-12-01 09:56:09,CP-09,2,MeterValues,Faulted,0.3266,-8.63,268.46,spoofed_meter_values,1
2025-12-01 10:39:16,CP-01,1,Heartbeat,Charging,0.2215,5.916,10.14,normal,0
2025-12-01 09:47:32,CP-01,2,StopTransaction,Charging,0.1671,10.735,3.84,normal,0
2025-12-01 09:30:35,CP-10,1,RemoteStartTransaction,SuspendedEV,-0.2204,9.791,19.79,negative_price,1
2025-12-01 09:17:57,CP-08,1,StopTransaction,Charging,0.1543,1.786,16.89,normal,0
2025-12-01 09:58:56,CP-08,1,Heartbeat,Preparing,0.2204,8.163,8.21,normal,0
2025-12-01 09:38:05,CP-03,1,BootNotification,Available,0.3214,1.485,8.88,normal,0
2025-12-01 09:38:02,CP-05,1,RemoteStartTransaction,SuspendedEV,0.2984,-3.501,0.22,spoofed_meter_values,1
2025-12-01 09:49:16,CP-08,2,StopTransaction,Charging,0.3461,1.908,15.79,normal,0
2025-12-01 09:27:32,CP-04,1,RemoteStopTransaction,Faulted,1.8451,5.621,11.91,frequent_irregular_change,1
2025-12-01 10:43:28,CP-02,2,Authorize,Available,0.2935,1.98,8.37,normal,0
2025-12-01 10:10:31,CP-09,2,RemoteStopTransaction,Faulted,-0.3911,2.145,11.25,negative_price,1
2025-12-01 10:45:02,CP-07,1,StartTransaction,Available,0.8514,2.267,19.93,frequent_irregular_change,1
2025-12-01 10:52:24,CP-05,1,MeterValues,Available,0.1721,9.588,15.37,normal,0
2025-12-01 09:40:46,CP-10,1,ChangeConfiguration,Charging,6.3986,4.059,14.66,price_spike,1
2025-12-01 10:42:20,CP-01,2,MeterValues,Charging,0.3211,4.1,15.43,normal,0
2025-12-01 10:08:38,CP-01,2,StatusNotification,Available,0.1909,1.429,14.4,normal,0
2025-12-01 10:08:42,CP-05,2,RemoteStopTransaction,Available,1.713,7.887,7.87,frequent_irregular_change,1
2025-12-01 10:25:13,CP-09,1,ChangeConfiguration,Preparing,0.3348,294.29,0.05,spoofed_meter_values,1
2025-12-01 09:16:46,CP-07,1,StatusNotification,Preparing,0.2866,2.945,21.94,normal,0
2025-12-01 10:19:32,CP-06,2,StartTransaction,Available,0.1648,10.14,14.37,normal,0
2025-12-01 10:22:36,CP-01,2,MeterValues,SuspendedEV,0.0358,9.654,21.79,price_drop,1
2025-12-01 10:50:38,CP-06,2,StopTransaction,SuspendedEV,0.3826,417.996,142.94,spoofed_meter_values,1
2025-12-01 10:26:46,CP-04,2,Heartbeat,Preparing,0.1761,7.147,5.46,normal,0
2025-12-01 09:55:11,CP-04,2,Heartbeat,Charging,0.3479,6.826,17.86,normal,0
2025-12-01 10:35:04,CP-07,2,StopTransaction,Available,0.3844,356.911,594.54,spoofed_meter_values,1
2025-12-01 09:26:18,CP-09,1,StartTransaction,Available,0.2775,-9.566,0.06,spoofed_meter_values,1
2025-12-01 09:24:46,CP-02,1,RemoteStopTransaction,Preparing,0.0256,6.84,20.03,price_drop,1
2025-12-01 09:58:47,CP-01,1,StopTransaction,Faulted,0.0137,3.11,10.49,price_drop,1
2025-12-01 09:26:33,CP-04,2,MeterValues,Charging,0.2237,4.629,19.2,normal,0
2025-12-01 09:32:49,CP-03,1,RemoteStartTransaction,Preparing,1.8097,4.399,13.74,price_spike,1
2025-12-01 10:51:16,CP-06,2,RemoteStartTransaction,Faulted,0.3826,353.071,0.45,spoofed_meter_values,1
2025-12-01 10:24:43,CP-09,1,StopTransaction,Preparing,0.2564,1.018,12.96,normal,0
2025-12-01 10:47:07,CP-01,2,Heartbeat,Preparing,0.3422,4.669,19.21,normal,0
2025-12-01 10:51:17,CP-10,1,Authorize,Available,0.3089,8.004,11.85,normal,0
2025-12-01 10:35:01,CP-02,2,StopTransaction,Preparing,0.2775,7.02,5.44,normal,0
2025-12-01 09:46:55,CP-04,2,StartTransaction,Charging,0.1572,4.805,21.91,normal,0
2025-12-01 09:59:32,CP-03,1,StopTransaction,Charging,0.2443,0.708,12.74,normal,0
2025-12-01 09:50:18,CP-02,2,BootNotification,Charging,0.2635,4.557,19.25,normal,0
2025-12-01 10:08:09,CP-05,1,RemoteStopTransaction,Faulted,1.021,8.027,20.98,frequent_irregular_change,1
2025-12-01 10:52:11,CP-09,2,StartTransaction,Charging,0.2518,3.468,10.08,normal,0
2025-12-01 09:34:37,CP-07,2,StartTransaction,Available,0.2505,6.783,2.04,normal,0
2025-12-01 09:12:27,CP-09,1,StartTransaction,Available,0.1976,7.107,11.51,normal,0
2025-12-01 10:03:36,CP-03,2,RemoteStartTransaction,Preparing,3.0829,0.618,18.4,price_spike,1
2025-12-01 09:26:56,CP-06,2,ChangeConfiguration,Charging,1.6661,0.496,5.69,price_spike,1
2025-12-01 09:50:38,CP-07,1,StopTransaction,Preparing,0.313,9.949,11.57,normal,0
2025-12-01 09:27:46,CP-06,1,MeterValues,Preparing,0.1667,4.784,17.63,normal,0
2025-12-01 09:45:20,CP-02,1,StopTransaction,Faulted,0.3204,-0.804,0.83,spoofed_meter_values,1
2025-12-01 10:42:02,CP-02,2,RemoteStopTransaction,Available,0.0272,10.032,21.06,price_drop,1
2025-12-01 10:44:13,CP-04,2,MeterValues,Preparing,0.0225,1.283,20.73,price_drop,1
2025-12-01 10:50:15,CP-08,1,StartTransaction,SuspendedEV,0.3826,-6.507,0.1,spoofed_meter_values,1
2025-12-01 10:52:45,CP-01,2,StartTransaction,Available,0.0156,10.514,3.08,price_drop,1
2025-12-01 10:46:18,CP-02,1,StartTransaction,Charging,0.3252,5.049,14.93,normal,0
2025-12-01 10:29:43,CP-06,1,RemoteStopTransaction,Preparing,-0.0225,9.69,12.16,negative_price,1
2025-12-01 10:19:06,CP-09,1,RemoteStartTransaction,Available,-1.0,3.408,5.17,frequent_irregular_change,1
